il,ilce,genel_sira,il_ici_sira,skor,kademe
ADANA,SEYHAN,42,1,"2,043",1
ADANA,ÇUKUROVA,76,2,"1,529",2
ADANA,SARIÇAM,149,3,"0,862",2
ADANA,YÜREĞİR,203,4,"0,596",2
ADANA,CEYHAN,299,5,"0,103",3
ADANA,KOZAN,338,6,"0,016",3
ADANA,POZANTI,422,7,"-0,185",4
ADANA,İMAMOĞLU,583,8,"-0,434",4
ADANA,YUMURTALIK,589,9,"-0,448",4
ADANA,TUFANBEYLİ,651,10,"-0,521",5
ADANA,KARAİSALI,676,11,"-0,546",5
ADANA,KARATAŞ,684,12,"-0,564",5
ADANA,ALADAĞ,818,13,"-0,764",5
ADANA,SAİMBEYLİ,895,14,"-0,946",6
ADANA,FEKE,899,15,"-0,954",6
ADIYAMAN,MERKEZ,215,1,"0,542",2
ADIYAMAN,GÖLBAŞI,392,2,"-0,133",3
ADIYAMAN,BESNİ,586,3,"-0,444",4
ADIYAMAN,KAHTA,642,4,"-0,512",5
ADIYAMAN,ÇELİKHAN,744,5,"-0,631",5
ADIYAMAN,SAMSAT,861,6,"-0,840",6
ADIYAMAN,TUT,908,7,"-0,979",6
ADIYAMAN,SİNCİK,955,8,"-1,202",6
ADIYAMAN,GERGER,971,9,"-1,289",6
AFYONKARAHİSAR,MERKEZ,104,1,"1,178",2
AFYONKARAHİSAR,SANDIKLI,324,2,"0,052",3
AFYONKARAHİSAR,BOLVADİN,358,3,"-0,045",3
AFYONKARAHİSAR,DAZKIRI,372,4,"-0,088",3
AFYONKARAHİSAR,DİNAR,391,5,"-0,132",3
AFYONKARAHİSAR,EMİRDAĞ,421,6,"-0,183",4
AFYONKARAHİSAR,ÇAY,512,7,"-0,328",4
AFYONKARAHİSAR,SULTANDAĞI,530,8,"-0,368",4
AFYONKARAHİSAR,İSCEHİSAR,550,9,"-0,392",4
AFYONKARAHİSAR,BAŞMAKÇI,574,10,"-0,427",4
AFYONKARAHİSAR,ŞUHUT,623,11,"-0,488",4
AFYONKARAHİSAR,EVCİLER,652,12,"-0,525",5
AFYONKARAHİSAR,İHSANİYE,709,13,"-0,592",5
AFYONKARAHİSAR,BAYAT,732,14,"-0,620",5
AFYONKARAHİSAR,SİNANPAŞA,740,15,"-0,627",5
AFYONKARAHİSAR,KIZILÖREN,750,16,"-0,640",5
AFYONKARAHİSAR,HOCALAR,821,17,"-0,772",5
AFYONKARAHİSAR,ÇOBANLAR,837,18,"-0,801",5
AĞRI,MERKEZ,451,1,"-0,231",4
AĞRI,DOĞUBAYAZIT,754,2,"-0,647",5
AĞRI,ELEŞKİRT,913,3,"-1,013",6
AĞRI,PATNOS,923,4,"-1,050",6
AĞRI,TAŞLIÇAY,942,5,"-1,124",6
AĞRI,DİYADİN,947,6,"-1,147",6
AĞRI,TUTAK,961,7,"-1,254",6
AĞRI,HAMUR,967,8,"-1,275",6
AMASYA,MERKEZ,190,1,"0,651",2
AMASYA,MERZİFON,213,2,"0,547",2
AMASYA,SULUOVA,320,3,"0,061",3
AMASYA,GÜMÜŞHACIKÖY,474,4,"-0,269",4
AMASYA,TAŞOVA,625,5,"-0,490",4
AMASYA,HAMAMÖZÜ,763,6,"-0,665",5
AMASYA,GÖYNÜCEK,836,7,"-0,798",5
ANKARA,ÇANKAYA,2,1,"6,901",1
ANKARA,YENİMAHALLE,5,2,"4,481",1
ANKARA,ALTINDAĞ,22,3,"2,528",1
ANKARA,ETİMESGUT,47,4,"1,957",1
ANKARA,GÖLBAŞI,57,5,"1,790",1
ANKARA,KAHRAMANKAZAN,75,6,"1,538",2
ANKARA,KEÇİÖREN,89,7,"1,365",2
ANKARA,SİNCAN,125,8,"1,050",2
ANKARA,MAMAK,165,9,"0,779",2
ANKARA,AKYURT,174,10,"0,705",2
ANKARA,POLATLI,206,11,"0,581",2
ANKARA,ELMADAĞ,229,12,"0,462",2
ANKARA,PURSAKLAR,231,13,"0,447",2
ANKARA,ÇUBUK,261,14,"0,298",3
ANKARA,BEYPAZARI,264,15,"0,269",3
ANKARA,ŞEREFLİKOÇHİSAR,298,16,"0,115",3
ANKARA,AYAŞ,330,17,"0,032",3
ANKARA,KIZILCAHAMAM,335,18,"0,022",3
ANKARA,NALLIHAN,378,19,"-0,102",3
ANKARA,KALECİK,525,20,"-0,359",4
ANKARA,EVREN,616,21,"-0,478",4
ANKARA,GÜDÜL,630,22,"-0,493",4
ANKARA,ÇAMLIDERE,654,23,"-0,526",5
ANKARA,HAYMANA,695,24,"-0,578",5
ANKARA,BALA,725,25,"-0,611",5
ANTALYA,MURATPAŞA,15,1,"3,173",1
ANTALYA,KONYAALTI,27,2,"2,465",1
ANTALYA,ALANYA,64,3,"1,676",1
ANTALYA,MANAVGAT,74,4,"1,538",2
ANTALYA,KEMER,80,5,"1,501",2
ANTALYA,KEPEZ,88,6,"1,392",2
ANTALYA,DÖŞEMEALTI,100,7,"1,216",2
ANTALYA,SERİK,152,8,"0,852",2
ANTALYA,KUMLUCA,219,9,"0,515",2
ANTALYA,AKSU,225,10,"0,476",2
ANTALYA,FİNİKE,258,11,"0,315",3
ANTALYA,KAŞ,276,12,"0,203",3
ANTALYA,DEMRE,280,13,"0,180",3
ANTALYA,GAZİPAŞA,289,14,"0,152",3
ANTALYA,KORKUTELİ,307,15,"0,081",3
ANTALYA,ELMALI,401,16,"-0,150",3
ANTALYA,AKSEKİ,419,17,"-0,182",4
ANTALYA,İBRADI,471,18,"-0,264",4
ANTALYA,GÜNDOĞMUŞ,848,19,"-0,815",5
ARTVİN,MERKEZ,143,1,"0,913",2
ARTVİN,HOPA,220,2,"0,502",2
ARTVİN,ARHAVİ,273,3,"0,222",3
ARTVİN,MURGUL,408,4,"-0,165",3
ARTVİN,YUSUFELİ,487,5,"-0,290",4
ARTVİN,BORÇKA,488,6,"-0,290",4
ARTVİN,ŞAVŞAT,559,7,"-0,405",4
ARTVİN,KEMALPAŞA,581,8,"-0,432",4
ARTVİN,ARDANUÇ,599,9,"-0,454",4
AYDIN,EFELER,79,1,"1,518",2
AYDIN,KUŞADASI,81,2,"1,495",2
AYDIN,DİDİM,155,3,"0,842",2
AYDIN,SÖKE,160,4,"0,821",2
AYDIN,NAZİLLİ,170,5,"0,756",2
AYDIN,ÇİNE,365,6,"-0,070",3
AYDIN,İNCİRLİOVA,373,7,"-0,091",3
AYDIN,KUYUCAK,447,8,"-0,224",4
AYDIN,SULTANHİSAR,473,9,"-0,265",4
AYDIN,GERMENCİK,482,10,"-0,282",4
AYDIN,BUHARKENT,490,11,"-0,293",4
AYDIN,YENİPAZAR,492,12,"-0,296",4
AYDIN,KÖŞK,504,13,"-0,306",4
AYDIN,KARACASU,568,14,"-0,422",4
AYDIN,BOZDOĞAN,644,15,"-0,514",5
AYDIN,KOÇARLI,662,16,"-0,531",5
AYDIN,KARPUZLU,778,17,"-0,693",5
BALIKESİR,ALTIEYLÜL,96,1,"1,245",2
BALIKESİR,KARESİ,115,2,"1,108",2
BALIKESİR,EDREMİT,121,3,"1,072",2
BALIKESİR,BANDIRMA,122,4,"1,072",2
BALIKESİR,AYVALIK,144,5,"0,907",2
BALIKESİR,BURHANİYE,205,6,"0,586",2
BALIKESİR,MARMARA,237,7,"0,405",2
BALIKESİR,ERDEK,248,8,"0,352",3
BALIKESİR,GÖNEN,254,9,"0,326",3
BALIKESİR,SUSURLUK,272,10,"0,225",3
BALIKESİR,GÖMEÇ,317,11,"0,062",3
BALIKESİR,BİGADİÇ,395,12,"-0,138",3
BALIKESİR,MANYAS,501,13,"-0,303",4
BALIKESİR,SAVAŞTEPE,572,14,"-0,426",4
BALIKESİR,DURSUNBEY,600,15,"-0,456",4
BALIKESİR,HAVRAN,606,16,"-0,471",4
BALIKESİR,SINDIRGI,614,17,"-0,477",4
BALIKESİR,İVRİNDİ,620,18,"-0,483",4
BALIKESİR,KEPSUT,665,19,"-0,536",5
BALIKESİR,BALYA,716,20,"-0,600",5
BİLECİK,MERKEZ,159,1,"0,821",2
BİLECİK,BOZÜYÜK,201,2,"0,608",2
BİLECİK,SÖĞÜT,300,3,"0,102",3
BİLECİK,OSMANELİ,402,4,"-0,154",3
BİLECİK,PAZARYERİ,497,5,"-0,301",4
BİLECİK,İNHİSAR,579,6,"-0,430",4
BİLECİK,GÖLPAZARI,587,7,"-0,446",4
BİLECİK,YENİPAZAR,632,8,"-0,501",5
BİNGÖL,MERKEZ,274,1,"0,214",3
BİNGÖL,YAYLADERE,593,2,"-0,451",4
BİNGÖL,KİĞI,649,3,"-0,517",5
BİNGÖL,GENÇ,753,4,"-0,646",5
BİNGÖL,SOLHAN,799,5,"-0,730",5
BİNGÖL,YEDİSU,902,6,"-0,968",6
BİNGÖL,KARLIOVA,915,7,"-1,017",6
BİNGÖL,ADAKLI,932,8,"-1,097",6
BİTLİS,MERKEZ,359,1,"-0,046",3
BİTLİS,TATVAN,388,2,"-0,128",3
BİTLİS,AHLAT,786,3,"-0,706",5
BİTLİS,ADİLCEVAZ,854,4,"-0,832",6
BİTLİS,GÜROYMAK,910,5,"-1,002",6
BİTLİS,HİZAN,936,6,"-1,103",6
BİTLİS,MUTKİ,963,7,"-1,257",6
BOLU,MERKEZ,83,1,"1,480",2
BOLU,GEREDE,333,2,"0,024",3
BOLU,YENİÇAĞA,374,3,"-0,091",3
BOLU,MENGEN,464,4,"-0,245",4
BOLU,SEBEN,571,5,"-0,425",4
BOLU,GÖYNÜK,585,6,"-0,441",4
BOLU,MUDURNU,602,7,"-0,461",4
BOLU,KIBRISCIK,756,8,"-0,655",5
BOLU,DÖRTDİVAN,828,9,"-0,784",5
BURDUR,MERKEZ,142,1,"0,917",2
BURDUR,BUCAK,233,2,"0,439",2
BURDUR,GÖLHİSAR,312,3,"0,074",3
BURDUR,KARAMANLI,352,4,"-0,034",3
BURDUR,TEFENNİ,511,5,"-0,325",4
BURDUR,YEŞİLOVA,515,6,"-0,336",4
BURDUR,ÇAVDIR,588,7,"-0,448",4
BURDUR,AĞLASUN,611,8,"-0,476",4
BURDUR,ÇELTİKÇİ,660,9,"-0,528",5
BURDUR,KEMER,677,10,"-0,549",5
BURDUR,ALTINYAYLA,761,11,"-0,663",5
BURSA,NİLÜFER,8,1,"4,072",1
BURSA,OSMANGAZİ,32,2,"2,374",1
BURSA,YILDIRIM,116,3,"1,085",2
BURSA,MUDANYA,126,4,"1,037",2
BURSA,İNEGÖL,131,5,"1,018",2
BURSA,KESTEL,166,6,"0,777",2
BURSA,GEMLİK,171,7,"0,743",2
BURSA,KARACABEY,208,8,"0,560",2
BURSA,ORHANGAZİ,223,9,"0,486",2
BURSA,MUSTAFAKEMALPAŞA,263,10,"0,285",3
BURSA,GÜRSU,281,11,"0,176",3
BURSA,İZNİK,302,12,"0,099",3
BURSA,YENİŞEHİR,318,13,"0,062",3
BURSA,ORHANELİ,524,14,"-0,354",4
BURSA,HARMANCIK,533,15,"-0,372",4
BURSA,KELES,549,16,"-0,392",4
BURSA,BÜYÜKORHAN,815,17,"-0,752",5
ÇANAKKALE,MERKEZ,53,1,"1,846",1
ÇANAKKALE,BOZCAADA,63,2,"1,677",1
ÇANAKKALE,GÖKÇEADA,193,3,"0,635",2
ÇANAKKALE,GELİBOLU,228,4,"0,465",2
ÇANAKKALE,BİGA,234,5,"0,426",2
ÇANAKKALE,ÇAN,267,6,"0,258",3
ÇANAKKALE,AYVACIK,293,7,"0,133",3
ÇANAKKALE,ECEABAT,321,8,"0,058",3
ÇANAKKALE,EZİNE,326,9,"0,043",3
ÇANAKKALE,LAPSEKİ,360,10,"-0,056",3
ÇANAKKALE,BAYRAMİÇ,450,11,"-0,229",4
ÇANAKKALE,YENİCE,558,12,"-0,404",4
ÇANKIRI,MERKEZ,175,1,"0,704",2
ÇANKIRI,ŞABANÖZÜ,389,2,"-0,130",3
ÇANKIRI,KURŞUNLU,415,3,"-0,173",3
ÇANKIRI,ÇERKEŞ,454,4,"-0,232",4
ÇANKIRI,ILGAZ,467,5,"-0,249",4
ÇANKIRI,ATKARACALAR,650,6,"-0,518",5
ÇANKIRI,ELDİVAN,691,7,"-0,573",5
ÇANKIRI,KORGUN,719,8,"-0,606",5
ÇANKIRI,ORTA,783,9,"-0,699",5
ÇANKIRI,KIZILIRMAK,789,10,"-0,715",5
ÇANKIRI,BAYRAMÖREN,858,11,"-0,836",6
ÇANKIRI,YAPRAKLI,880,12,"-0,893",6
ÇORUM,MERKEZ,129,1,"1,026",2
ÇORUM,OSMANCIK,430,2,"-0,194",4
ÇORUM,SUNGURLU,463,3,"-0,243",4
ÇORUM,ALACA,516,4,"-0,339",4
ÇORUM,İSKİLİP,627,5,"-0,492",4
ÇORUM,DODURGA,639,6,"-0,511",5
ÇORUM,KARGI,700,7,"-0,583",5
ÇORUM,BOĞAZKALE,717,8,"-0,604",5
ÇORUM,ORTAKÖY,780,9,"-0,697",5
ÇORUM,MECİTÖZÜ,793,10,"-0,719",5
ÇORUM,LAÇİN,830,11,"-0,789",5
ÇORUM,OĞUZLAR,850,12,"-0,820",5
ÇORUM,BAYAT,874,13,"-0,868",6
ÇORUM,UĞURLUDAĞ,887,14,"-0,923",6
DENİZLİ,MERKEZEFENDİ,30,1,"2,375",1
DENİZLİ,PAMUKKALE,98,2,"1,227",2
DENİZLİ,HONAZ,192,3,"0,636",2
DENİZLİ,SARAYKÖY,310,4,"0,078",3
DENİZLİ,ACIPAYAM,325,5,"0,052",3
DENİZLİ,BULDAN,343,6,"-0,011",3
DENİZLİ,SERİNHİSAR,362,7,"-0,064",3
DENİZLİ,ÇİVRİL,387,8,"-0,127",3
DENİZLİ,TAVAS,407,9,"-0,165",3
DENİZLİ,BEKİLLİ,452,10,"-0,231",4
DENİZLİ,ÇAL,453,11,"-0,232",4
DENİZLİ,ÇARDAK,458,12,"-0,236",4
DENİZLİ,BOZKURT,507,13,"-0,311",4
DENİZLİ,KALE,538,14,"-0,379",4
DENİZLİ,BABADAĞ,580,15,"-0,430",4
DENİZLİ,GÜNEY,601,16,"-0,457",4
DENİZLİ,BAKLAN,663,17,"-0,532",5
DENİZLİ,ÇAMELİ,671,18,"-0,542",5
DENİZLİ,BEYAĞAÇ,689,19,"-0,570",5
DİYARBAKIR,KAYAPINAR,150,1,"0,857",2
DİYARBAKIR,YENİŞEHİR,227,2,"0,466",2
DİYARBAKIR,SUR,296,3,"0,124",3
DİYARBAKIR,BAĞLAR,337,4,"0,017",3
DİYARBAKIR,ERGANİ,690,5,"-0,572",5
DİYARBAKIR,BİSMİL,796,6,"-0,727",5
DİYARBAKIR,SİLVAN,852,7,"-0,824",5
DİYARBAKIR,ÇERMİK,879,8,"-0,887",6
DİYARBAKIR,LİCE,917,9,"-1,022",6
DİYARBAKIR,ÇÜNGÜŞ,930,10,"-1,092",6
DİYARBAKIR,KULP,935,11,"-1,102",6
DİYARBAKIR,DİCLE,941,12,"-1,122",6
DİYARBAKIR,KOCAKÖY,945,13,"-1,131",6
DİYARBAKIR,EĞİL,951,14,"-1,166",6
DİYARBAKIR,ÇINAR,962,15,"-1,256",6
DİYARBAKIR,HANİ,965,16,"-1,267",6
DİYARBAKIR,HAZRO,970,17,"-1,285",6
EDİRNE,MERKEZ,40,1,"2,113",1
EDİRNE,KEŞAN,195,2,"0,623",2
EDİRNE,UZUNKÖPRÜ,301,3,"0,100",3
EDİRNE,HAVSA,435,4,"-0,198",4
EDİRNE,ENEZ,483,5,"-0,284",4
EDİRNE,SÜLOĞLU,484,6,"-0,285",4
EDİRNE,LALAPAŞA,522,7,"-0,351",4
EDİRNE,İPSALA,560,8,"-0,408",4
EDİRNE,MERİÇ,842,9,"-0,806",5
ELAZIĞ,MERKEZ,112,1,"1,135",2
ELAZIĞ,KEBAN,563,2,"-0,416",4
ELAZIĞ,KOVANCILAR,576,3,"-0,428",4
ELAZIĞ,KARAKOÇAN,621,4,"-0,483",4
ELAZIĞ,MADEN,708,5,"-0,592",5
ELAZIĞ,AĞIN,736,6,"-0,622",5
ELAZIĞ,SİVRİCE,755,7,"-0,647",5
ELAZIĞ,BASKİL,788,8,"-0,714",5
ELAZIĞ,ALACAKAYA,798,9,"-0,729",5
ELAZIĞ,PALU,806,10,"-0,737",5
ELAZIĞ,ARICAK,928,11,"-1,070",6
ERZİNCAN,MERKEZ,173,1,"0,724",2
ERZİNCAN,KEMALİYE,478,2,"-0,276",4
ERZİNCAN,İLİÇ,498,3,"-0,301",4
ERZİNCAN,REFAHİYE,548,4,"-0,391",4
ERZİNCAN,OTLUKBELİ,638,5,"-0,508",5
ERZİNCAN,TERCAN,657,6,"-0,527",5
ERZİNCAN,ÇAYIRLI,674,7,"-0,543",5
ERZİNCAN,KEMAH,718,8,"-0,604",5
ERZİNCAN,ÜZÜMLÜ,742,9,"-0,630",5
ERZURUM,YAKUTİYE,62,1,"1,688",1
ERZURUM,PALANDÖKEN,242,2,"0,378",3
ERZURUM,AZİZİYE,319,3,"0,062",3
ERZURUM,OLTU,332,4,"0,025",3
ERZURUM,İSPİR,539,5,"-0,381",4
ERZURUM,UZUNDERE,681,6,"-0,561",5
ERZURUM,AŞKALE,696,7,"-0,578",5
ERZURUM,TORTUM,706,8,"-0,592",5
ERZURUM,PAZARYOLU,726,9,"-0,612",5
ERZURUM,OLUR,749,10,"-0,637",5
ERZURUM,PASİNLER,820,11,"-0,765",5
ERZURUM,HORASAN,825,12,"-0,778",5
ERZURUM,NARMAN,833,13,"-0,796",5
ERZURUM,HINIS,882,14,"-0,909",6
ERZURUM,ŞENKAYA,940,15,"-1,119",6
ERZURUM,ÇAT,944,16,"-1,131",6
ERZURUM,KARAÇOBAN,952,17,"-1,172",6
ERZURUM,KÖPRÜKÖY,954,18,"-1,189",6
ERZURUM,KARAYAZI,966,19,"-1,274",6
ERZURUM,TEKMAN,969,20,"-1,277",6
ESKİŞEHİR,ODUNPAZARI,48,1,"1,950",1
ESKİŞEHİR,TEPEBAŞI,84,2,"1,477",2
ESKİŞEHİR,İNÖNÜ,256,3,"0,323",3
ESKİŞEHİR,SİVRİHİSAR,406,4,"-0,163",3
ESKİŞEHİR,ÇİFTELER,437,5,"-0,202",4
ESKİŞEHİR,SEYİTGAZİ,506,6,"-0,310",4
ESKİŞEHİR,MAHMUDİYE,521,7,"-0,351",4
ESKİŞEHİR,ALPU,557,8,"-0,401",4
ESKİŞEHİR,BEYLİKOVA,570,9,"-0,424",4
ESKİŞEHİR,MİHALGAZİ,595,10,"-0,452",4
ESKİŞEHİR,SARICAKAYA,653,11,"-0,525",5
ESKİŞEHİR,GÜNYÜZÜ,670,12,"-0,541",5
ESKİŞEHİR,MİHALIÇÇIK,679,13,"-0,552",5
ESKİŞEHİR,HAN,776,14,"-0,687",5
GAZİANTEP,ŞEHİTKAMİL,31,1,"2,375",1
GAZİANTEP,ŞAHİNBEY,151,2,"0,854",2
GAZİANTEP,NİZİP,403,3,"-0,157",3
GAZİANTEP,İSLAHİYE,532,4,"-0,370",4
GAZİANTEP,OĞUZELİ,547,5,"-0,389",4
GAZİANTEP,NURDAĞI,592,6,"-0,450",4
GAZİANTEP,ARABAN,805,7,"-0,736",5
GAZİANTEP,KARKAMIŞ,859,8,"-0,837",6
GAZİANTEP,YAVUZELİ,922,9,"-1,049",6
GİRESUN,MERKEZ,109,1,"1,145",2
GİRESUN,BULANCAK,316,2,"0,063",3
GİRESUN,TİREBOLU,339,3,"0,014",3
GİRESUN,GÖRELE,357,4,"-0,045",3
GİRESUN,PİRAZİZ,409,5,"-0,168",3
GİRESUN,ESPİYE,416,6,"-0,178",4
GİRESUN,ŞEBİNKARAHİSAR,439,7,"-0,204",4
GİRESUN,KEŞAP,460,8,"-0,240",4
GİRESUN,EYNESİL,519,9,"-0,350",4
GİRESUN,ALUCRA,669,10,"-0,540",5
GİRESUN,YAĞLIDERE,694,11,"-0,576",5
GİRESUN,DOĞANKENT,710,12,"-0,593",5
GİRESUN,ÇANAKÇI,748,13,"-0,637",5
GİRESUN,GÜCE,840,14,"-0,805",5
GİRESUN,DERELİ,851,15,"-0,824",5
GİRESUN,ÇAMOLUK,886,16,"-0,920",6
GÜMÜŞHANE,MERKEZ,189,1,"0,655",2
GÜMÜŞHANE,TORUL,529,2,"-0,368",4
GÜMÜŞHANE,KELKİT,577,3,"-0,429",4
GÜMÜŞHANE,ŞİRAN,646,4,"-0,515",5
GÜMÜŞHANE,KÖSE,741,5,"-0,629",5
GÜMÜŞHANE,KÜRTÜN,785,6,"-0,705",5
HAKKARİ,MERKEZ,366,1,"-0,077",3
HAKKARİ,ÇUKURCA,542,2,"-0,386",4
HAKKARİ,YÜKSEKOVA,613,3,"-0,477",4
HAKKARİ,ŞEMDİNLİ,746,4,"-0,633",5
HAKKARİ,DERECİK,946,5,"-1,135",6
HATAY,ANTAKYA,108,1,"1,146",2
HATAY,İSKENDERUN,123,2,"1,056",2
HATAY,DEFNE,249,3,"0,338",3
HATAY,DÖRTYOL,255,4,"0,323",3
HATAY,BELEN,315,5,"0,064",3
HATAY,PAYAS,348,6,"-0,028",3
HATAY,SAMANDAĞ,349,7,"-0,029",3
HATAY,ARSUZ,363,8,"-0,064",3
HATAY,KIRIKHAN,440,9,"-0,206",4
HATAY,ERZİN,461,10,"-0,240",4
HATAY,REYHANLI,668,11,"-0,540",5
HATAY,HASSA,739,12,"-0,627",5
HATAY,YAYLADAĞI,872,13,"-0,863",6
HATAY,KUMLU,897,14,"-0,951",6
HATAY,ALTINÖZÜ,921,15,"-1,038",6
ISPARTA,MERKEZ,73,1,"1,551",2
ISPARTA,GÖNEN,351,2,"-0,034",3
ISPARTA,EĞİRDİR,371,3,"-0,087",3
ISPARTA,YALVAÇ,377,4,"-0,100",3
ISPARTA,ULUBORLU,381,5,"-0,113",3
ISPARTA,KEÇİBORLU,399,6,"-0,147",3
ISPARTA,ŞARKİKARAAĞAÇ,466,7,"-0,249",4
ISPARTA,ATABEY,495,8,"-0,299",4
ISPARTA,SENİRKENT,544,9,"-0,387",4
ISPARTA,YENİŞARBADEMLİ,567,10,"-0,421",4
ISPARTA,GELENDOST,752,11,"-0,641",5
ISPARTA,AKSU,770,12,"-0,679",5
ISPARTA,SÜTÇÜLER,845,13,"-0,811",5
MERSİN,YENİŞEHİR,49,1,"1,948",1
MERSİN,AKDENİZ,103,2,"1,183",2
MERSİN,MEZİTLİ,107,3,"1,147",2
MERSİN,TARSUS,198,4,"0,613",2
MERSİN,SİLİFKE,217,5,"0,519",2
MERSİN,TOROSLAR,240,6,"0,396",2
MERSİN,ERDEMLİ,251,7,"0,331",3
MERSİN,ANAMUR,257,8,"0,316",3
MERSİN,MUT,418,9,"-0,179",4
MERSİN,AYDINCIK,424,10,"-0,186",4
MERSİN,BOZYAZI,442,11,"-0,211",4
MERSİN,GÜLNAR,479,12,"-0,278",4
MERSİN,ÇAMLIYAYLA,636,13,"-0,505",5
İSTANBUL,ŞİŞLİ,1,1,"6,959",1
İSTANBUL,BEŞİKTAŞ,3,2,"5,940",1
İSTANBUL,KADIKÖY,4,3,"4,910",1
İSTANBUL,BAKIRKÖY,6,4,"4,465",1
İSTANBUL,FATİH,7,5,"4,226",1
İSTANBUL,ATAŞEHİR,9,6,"3,545",1
İSTANBUL,BAŞAKŞEHİR,10,7,"3,468",1
İSTANBUL,BEYOĞLU,12,8,"3,394",1
İSTANBUL,ÜMRANİYE,13,9,"3,364",1
İSTANBUL,SARIYER,14,10,"3,249",1
İSTANBUL,ÜSKÜDAR,16,11,"3,045",1
İSTANBUL,TUZLA,19,12,"2,730",1
İSTANBUL,MALTEPE,20,13,"2,685",1
İSTANBUL,BEYLİKDÜZÜ,23,14,"2,503",1
İSTANBUL,PENDİK,24,15,"2,485",1
İSTANBUL,ESENYURT,26,16,"2,479",1
İSTANBUL,BAHÇELİEVLER,28,17,"2,423",1
İSTANBUL,ZEYTİNBURNU,29,18,"2,382",1
İSTANBUL,BAĞCILAR,33,19,"2,346",1
İSTANBUL,KARTAL,35,20,"2,321",1
İSTANBUL,BAYRAMPAŞA,36,21,"2,266",1
İSTANBUL,KAĞITHANE,38,22,"2,174",1
İSTANBUL,KÜÇÜKÇEKMECE,39,23,"2,161",1
İSTANBUL,GÜNGÖREN,50,24,"1,920",1
İSTANBUL,BÜYÜKÇEKMECE,51,25,"1,891",1
İSTANBUL,EYÜPSULTAN,54,26,"1,839",1
İSTANBUL,ADALAR,55,27,"1,822",1
İSTANBUL,BEYKOZ,61,28,"1,732",1
İSTANBUL,AVCILAR,66,29,"1,640",1
İSTANBUL,GAZİOSMANPAŞA,85,30,"1,460",2
İSTANBUL,ÇEKMEKÖY,86,31,"1,450",2
İSTANBUL,ESENLER,90,32,"1,354",2
İSTANBUL,SİLİVRİ,94,33,"1,312",2
İSTANBUL,SANCAKTEPE,95,34,"1,275",2
İSTANBUL,SULTANGAZİ,161,35,"0,816",2
İSTANBUL,ARNAVUTKÖY,167,36,"0,771",2
İSTANBUL,ÇATALCA,169,37,"0,761",2
İSTANBUL,ŞİLE,176,38,"0,698",2
İSTANBUL,SULTANBEYLİ,183,39,"0,684",2
İZMİR,KONAK,11,1,"3,465",1
İZMİR,BORNOVA,17,2,"3,028",1
İZMİR,BALÇOVA,18,3,"2,902",1
İZMİR,KARŞIYAKA,37,4,"2,222",1
İZMİR,ÇİĞLİ,41,5,"2,046",1
İZMİR,GAZİEMİR,43,6,"2,031",1
İZMİR,ÇEŞME,45,7,"1,998",1
İZMİR,GÜZELBAHÇE,52,8,"1,882",1
İZMİR,URLA,59,9,"1,768",1
İZMİR,NARLIDERE,67,10,"1,632",1
İZMİR,BAYRAKLI,92,11,"1,322",2
İZMİR,BUCA,99,12,"1,227",2
İZMİR,ALİAĞA,105,13,"1,154",2
İZMİR,KARABAĞLAR,120,14,"1,078",2
İZMİR,KEMALPAŞA,133,15,"0,983",2
İZMİR,TORBALI,138,16,"0,927",2
İZMİR,SEFERİHİSAR,139,17,"0,924",2
İZMİR,MENDERES,145,18,"0,903",2
İZMİR,FOÇA,154,19,"0,844",2
İZMİR,MENEMEN,156,20,"0,838",2
İZMİR,SELÇUK,178,21,"0,690",2
İZMİR,KARABURUN,186,22,"0,676",2
İZMİR,DİKİLİ,200,23,"0,609",2
İZMİR,TİRE,221,24,"0,500",2
İZMİR,BERGAMA,241,25,"0,379",3
İZMİR,ÖDEMİŞ,250,26,"0,336",3
İZMİR,KINIK,493,27,"-0,297",4
İZMİR,BAYINDIR,503,28,"-0,304",4
İZMİR,BEYDAĞ,618,29,"-0,481",4
İZMİR,KİRAZ,715,30,"-0,599",5
KARS,MERKEZ,239,1,"0,398",2
KARS,KAĞIZMAN,827,2,"-0,784",5
KARS,SARIKAMIŞ,839,3,"-0,804",5
KARS,AKYAKA,855,4,"-0,832",6
KARS,ARPAÇAY,894,5,"-0,943",6
KARS,SELİM,905,6,"-0,977",6
KARS,SUSUZ,926,7,"-1,064",6
KARS,DİGOR,950,8,"-1,164",6
KASTAMONU,MERKEZ,146,1,"0,892",2
KASTAMONU,ABANA,306,2,"0,084",3
KASTAMONU,TOSYA,364,3,"-0,066",3
KASTAMONU,SEYDİLER,410,4,"-0,169",3
KASTAMONU,BOZKURT,448,5,"-0,225",4
KASTAMONU,İNEBOLU,457,6,"-0,236",4
KASTAMONU,TAŞKÖPRÜ,509,7,"-0,319",4
KASTAMONU,DEVREKANİ,564,8,"-0,416",4
KASTAMONU,HANÖNÜ,575,9,"-0,427",4
KASTAMONU,ÇATALZEYTİN,591,10,"-0,448",4
KASTAMONU,DADAY,594,11,"-0,451",4
KASTAMONU,AZDAVAY,596,12,"-0,453",4
KASTAMONU,İHSANGAZİ,624,13,"-0,490",4
KASTAMONU,AĞLI,634,14,"-0,503",5
KASTAMONU,CİDE,664,15,"-0,533",5
KASTAMONU,KÜRE,685,16,"-0,564",5
KASTAMONU,ARAÇ,686,17,"-0,565",5
KASTAMONU,PINARBAŞI,743,18,"-0,630",5
KASTAMONU,ŞENPAZAR,870,19,"-0,859",6
KASTAMONU,DOĞANYURT,938,20,"-1,113",6
KAYSERİ,MELİKGAZİ,46,1,"1,983",1
KAYSERİ,KOCASİNAN,71,2,"1,558",2
KAYSERİ,HACILAR,134,3,"0,963",2
KAYSERİ,TALAS,194,4,"0,631",2
KAYSERİ,DEVELİ,396,5,"-0,139",3
KAYSERİ,YEŞİLHİSAR,441,6,"-0,209",4
KAYSERİ,İNCESU,491,7,"-0,295",4
KAYSERİ,ÖZVATAN,510,8,"-0,325",4
KAYSERİ,BÜNYAN,537,9,"-0,379",4
KAYSERİ,YAHYALI,553,10,"-0,395",4
KAYSERİ,PINARBAŞI,641,11,"-0,512",5
KAYSERİ,FELAHİYE,678,12,"-0,552",5
KAYSERİ,SARIOĞLAN,727,13,"-0,613",5
KAYSERİ,SARIZ,765,14,"-0,670",5
KAYSERİ,TOMARZA,767,15,"-0,674",5
KAYSERİ,AKKIŞLA,846,16,"-0,812",5
KIRKLARELİ,LÜLEBURGAZ,114,1,"1,120",2
KIRKLARELİ,MERKEZ,153,2,"0,850",2
KIRKLARELİ,BABAESKİ,270,3,"0,252",3
KIRKLARELİ,PINARHİSAR,340,4,"0,002",3
KIRKLARELİ,VİZE,350,5,"-0,032",3
KIRKLARELİ,DEMİRKÖY,485,6,"-0,286",4
KIRKLARELİ,PEHLİVANKÖY,545,7,"-0,387",4
KIRKLARELİ,KOFÇAZ,769,8,"-0,677",5
KIRŞEHİR,MERKEZ,181,1,"0,686",2
KIRŞEHİR,KAMAN,386,2,"-0,126",3
KIRŞEHİR,MUCUR,481,3,"-0,281",4
KIRŞEHİR,BOZTEPE,701,4,"-0,584",5
KIRŞEHİR,AKPINAR,713,5,"-0,596",5
KIRŞEHİR,ÇİÇEKDAĞI,782,6,"-0,697",5
KIRŞEHİR,AKÇAKENT,849,7,"-0,816",5
KOCAELİ,GEBZE,34,1,"2,334",1
KOCAELİ,İZMİT,44,2,"2,023",1
KOCAELİ,BAŞİSKELE,70,3,"1,562",2
KOCAELİ,ÇAYIROVA,135,4,"0,962",2
KOCAELİ,GÖLCÜK,147,5,"0,892",2
KOCAELİ,KARTEPE,157,6,"0,837",2
KOCAELİ,DERİNCE,185,7,"0,680",2
KOCAELİ,DİLOVASI,187,8,"0,665",2
KOCAELİ,DARICA,202,9,"0,603",2
KOCAELİ,KÖRFEZ,211,10,"0,550",2
KOCAELİ,KARAMÜRSEL,252,11,"0,328",3
KOCAELİ,KANDIRA,456,12,"-0,235",4
KONYA,SELÇUKLU,21,1,"2,562",1
KONYA,KARATAY,82,2,"1,481",2
KONYA,MERAM,124,3,"1,053",2
KONYA,EREĞLİ,230,4,"0,453",2
KONYA,AKŞEHİR,243,5,"0,372",3
KONYA,BEYŞEHİR,244,6,"0,369",3
KONYA,SEYDİŞEHİR,271,7,"0,228",3
KONYA,ILGIN,383,8,"-0,121",3
KONYA,KULU,385,9,"-0,125",3
KONYA,CİHANBEYLİ,404,10,"-0,159",3
KONYA,KARAPINAR,405,11,"-0,161",3
KONYA,ÇUMRA,455,12,"-0,233",4
KONYA,SARAYÖNÜ,543,13,"-0,386",4
KONYA,HÜYÜK,637,14,"-0,506",5
KONYA,KADINHANI,655,15,"-0,526",5
KONYA,ÇELTİK,675,16,"-0,544",5
KONYA,YUNAK,680,17,"-0,559",5
KONYA,BOZKIR,692,18,"-0,574",5
KONYA,DOĞANHİSAR,729,19,"-0,616",5
KONYA,DEREBUCAK,733,20,"-0,621",5
KONYA,GÜNEYSINIR,735,21,"-0,621",5
KONYA,ALTINEKİN,751,22,"-0,641",5
KONYA,AKÖREN,766,23,"-0,672",5
KONYA,HADİM,771,24,"-0,681",5
KONYA,YALIHÜYÜK,772,25,"-0,682",5
KONYA,TUZLUKÇU,774,26,"-0,686",5
KONYA,TAŞKENT,787,27,"-0,710",5
KONYA,EMİRGAZİ,803,28,"-0,733",5
KONYA,HALKAPINAR,819,29,"-0,765",5
KONYA,AHIRLI,881,30,"-0,907",6
KONYA,DERBENT,891,31,"-0,936",6
KÜTAHYA,MERKEZ,97,1,"1,230",2
KÜTAHYA,TAVŞANLI,260,2,"0,309",3
KÜTAHYA,SİMAV,347,3,"-0,027",3
KÜTAHYA,GEDİZ,368,4,"-0,083",3
KÜTAHYA,DUMLUPINAR,449,5,"-0,226",4
KÜTAHYA,EMET,494,6,"-0,299",4
KÜTAHYA,DOMANİÇ,622,7,"-0,483",4
KÜTAHYA,HİSARCIK,643,8,"-0,514",5
KÜTAHYA,ŞAPHANE,647,9,"-0,516",5
KÜTAHYA,ALTINTAŞ,648,10,"-0,516",5
KÜTAHYA,ÇAVDARHİSAR,682,11,"-0,562",5
KÜTAHYA,PAZARLAR,707,12,"-0,592",5
KÜTAHYA,ASLANAPA,826,13,"-0,782",5
MALATYA,YEŞİLYURT,130,1,"1,023",2
MALATYA,BATTALGAZİ,162,2,"0,813",2
MALATYA,ARAPGİR,551,3,"-0,393",4
MALATYA,DARENDE,578,4,"-0,430",4
MALATYA,AKÇADAĞ,645,5,"-0,514",5
MALATYA,DOĞANŞEHİR,705,6,"-0,590",5
MALATYA,HEKİMHAN,721,7,"-0,606",5
MALATYA,YAZIHAN,779,8,"-0,696",5
MALATYA,KALE,791,9,"-0,717",5
MALATYA,KULUNCAK,875,10,"-0,873",6
MALATYA,ARGUVAN,876,11,"-0,877",6
MALATYA,DOĞANYOL,903,12,"-0,973",6
MALATYA,PÜTÜRGE,933,13,"-1,097",6
MANİSA,YUNUSEMRE,68,1,"1,581",2
MANİSA,ŞEHZADELER,164,2,"0,797",2
MANİSA,SALİHLİ,197,3,"0,616",2
MANİSA,AKHİSAR,214,4,"0,543",2
MANİSA,TURGUTLU,222,5,"0,489",2
MANİSA,SOMA,235,6,"0,416",2
MANİSA,ALAŞEHİR,327,7,"0,038",3
MANİSA,KULA,382,8,"-0,119",3
MANİSA,DEMİRCİ,427,9,"-0,192",4
MANİSA,SARUHANLI,428,10,"-0,192",4
MANİSA,KIRKAĞAÇ,446,11,"-0,219",4
MANİSA,AHMETLİ,489,12,"-0,292",4
MANİSA,SARIGÖL,496,13,"-0,300",4
MANİSA,GÖRDES,528,14,"-0,362",4
MANİSA,KÖPRÜBAŞI,562,15,"-0,412",4
MANİSA,SELENDİ,659,16,"-0,528",5
MANİSA,GÖLMARMARA,673,17,"-0,543",5
MARDİN,ARTUKLU,259,1,"0,311",3
MARDİN,KIZILTEPE,436,2,"-0,201",4
MARDİN,MİDYAT,526,3,"-0,360",4
MARDİN,NUSAYBİN,554,4,"-0,395",4
MARDİN,ÖMERLİ,869,5,"-0,858",6
MARDİN,DARGEÇİT,873,6,"-0,866",6
MARDİN,YEŞİLLİ,893,7,"-0,936",6
MARDİN,MAZIDAĞI,916,8,"-1,019",6
MARDİN,DERİK,929,9,"-1,085",6
MARDİN,SAVUR,953,10,"-1,187",6
MUĞLA,BODRUM,25,1,"2,483",1
MUĞLA,MARMARİS,65,2,"1,671",1
MUĞLA,MENTEŞE,72,3,"1,555",2
MUĞLA,FETHİYE,78,4,"1,522",2
MUĞLA,DATÇA,140,5,"0,923",2
MUĞLA,ORTACA,148,6,"0,884",2
MUĞLA,MİLAS,184,7,"0,681",2
MUĞLA,DALAMAN,212,8,"0,548",2
MUĞLA,ULA,247,9,"0,355",3
MUĞLA,KÖYCEĞİZ,275,10,"0,205",3
MUĞLA,YATAĞAN,282,11,"0,170",3
MUĞLA,KAVAKLIDERE,518,12,"-0,340",4
MUĞLA,SEYDİKEMER,635,13,"-0,505",5
MUŞ,MERKEZ,500,1,"-0,303",4
MUŞ,VARTO,865,2,"-0,844",6
MUŞ,MALAZGİRT,918,3,"-1,027",6
MUŞ,HASKÖY,919,4,"-1,032",6
MUŞ,BULANIK,920,5,"-1,036",6
MUŞ,KORKUT,957,6,"-1,220",6
NEVŞEHİR,MERKEZ,118,1,"1,082",2
NEVŞEHİR,ÜRGÜP,216,2,"0,527",2
NEVŞEHİR,AVANOS,356,3,"-0,044",3
NEVŞEHİR,KOZAKLI,390,4,"-0,130",3
NEVŞEHİR,HACIBEKTAŞ,443,5,"-0,211",4
NEVŞEHİR,GÜLŞEHİR,541,6,"-0,385",4
NEVŞEHİR,DERİNKUYU,728,7,"-0,615",5
NEVŞEHİR,ACIGÖL,811,8,"-0,746",5
NİĞDE,MERKEZ,207,1,"0,575",2
NİĞDE,BOR,297,2,"0,116",3
NİĞDE,ULUKIŞLA,508,3,"-0,314",4
NİĞDE,ÇAMARDI,804,4,"-0,733",5
NİĞDE,ALTUNHİSAR,904,5,"-0,975",6
NİĞDE,ÇİFTLİK,906,6,"-0,977",6
ORDU,ALTINORDU,113,1,"1,121",2
ORDU,FATSA,246,2,"0,363",3
ORDU,ÜNYE,266,3,"0,266",3
ORDU,GÜLYALI,398,4,"-0,145",3
ORDU,PERŞEMBE,566,5,"-0,418",4
ORDU,AYBASTI,603,6,"-0,464",4
ORDU,KUMRU,720,7,"-0,606",5
ORDU,GÖLKÖY,724,8,"-0,610",5
ORDU,KORGAN,784,9,"-0,704",5
ORDU,ULUBEY,801,10,"-0,730",5
ORDU,KABADÜZ,809,11,"-0,744",5
ORDU,ÇAMAŞ,823,12,"-0,776",5
ORDU,KABATAŞ,841,13,"-0,805",5
ORDU,MESUDİYE,864,14,"-0,842",6
ORDU,ÇATALPINAR,868,15,"-0,854",6
ORDU,GÜRGENTEPE,871,16,"-0,859",6
ORDU,ÇAYBAŞI,890,17,"-0,932",6
ORDU,İKİZCE,907,18,"-0,979",6
ORDU,AKKUŞ,912,19,"-1,012",6
RİZE,MERKEZ,119,1,"1,079",2
RİZE,PAZAR,277,2,"0,199",3
RİZE,ARDEŞEN,311,3,"0,078",3
RİZE,ÇAYELİ,323,4,"0,054",3
RİZE,FINDIKLI,336,5,"0,018",3
RİZE,İYİDERE,425,6,"-0,187",4
RİZE,GÜNEYSU,431,7,"-0,195",4
RİZE,HEMŞİN,476,8,"-0,270",4
RİZE,ÇAMLIHEMŞİN,486,9,"-0,287",4
RİZE,DEREPAZARI,531,10,"-0,370",4
RİZE,KALKANDERE,598,11,"-0,453",4
RİZE,İKİZDERE,631,12,"-0,500",5
SAKARYA,SERDİVAN,77,1,"1,527",2
SAKARYA,ADAPAZARI,87,2,"1,392",2
SAKARYA,ARİFİYE,106,3,"1,148",2
SAKARYA,SAPANCA,177,4,"0,695",2
SAKARYA,ERENLER,179,5,"0,690",2
SAKARYA,HENDEK,253,6,"0,328",3
SAKARYA,KARASU,285,7,"0,159",3
SAKARYA,AKYAZI,288,8,"0,153",3
SAKARYA,PAMUKOVA,346,9,"-0,024",3
SAKARYA,GEYVE,355,10,"-0,043",3
SAKARYA,SÖĞÜTLÜ,367,11,"-0,077",3
SAKARYA,FERİZLİ,397,12,"-0,139",3
SAKARYA,KOCAALİ,468,13,"-0,253",4
SAKARYA,KAYNARCA,520,14,"-0,351",4
SAKARYA,TARAKLI,584,15,"-0,437",4
SAKARYA,KARAPÜRÇEK,597,16,"-0,453",4
SAMSUN,ATAKUM,60,1,"1,734",1
SAMSUN,İLKADIM,91,2,"1,343",2
SAMSUN,TEKKEKÖY,191,3,"0,650",2
SAMSUN,CANİK,210,4,"0,553",2
SAMSUN,BAFRA,269,5,"0,256",3
SAMSUN,ÇARŞAMBA,344,6,"-0,015",3
SAMSUN,HAVZA,384,7,"-0,124",3
SAMSUN,ONDOKUZMAYIS,394,8,"-0,137",3
SAMSUN,TERME,438,9,"-0,202",4
SAMSUN,LADİK,469,10,"-0,260",4
SAMSUN,KAVAK,513,11,"-0,331",4
SAMSUN,ALAÇAM,565,12,"-0,417",4
SAMSUN,VEZİRKÖPRÜ,666,13,"-0,537",5
SAMSUN,YAKAKENT,667,14,"-0,538",5
SAMSUN,SALIPAZARI,800,15,"-0,730",5
SAMSUN,ASARCIK,810,16,"-0,745",5
SAMSUN,AYVACIK,829,17,"-0,784",5
SİİRT,MERKEZ,313,1,"0,074",3
SİİRT,KURTALAN,812,2,"-0,746",5
SİİRT,BAYKAN,924,3,"-1,061",6
SİİRT,TİLLO,931,4,"-1,092",6
SİİRT,ERUH,934,5,"-1,098",6
SİİRT,ŞİRVAN,968,6,"-1,277",6
SİİRT,PERVARİ,972,7,"-1,345",6
SİNOP,MERKEZ,141,1,"0,917",2
SİNOP,AYANCIK,291,2,"0,146",3
SİNOP,BOYABAT,341,3,"-0,003",3
SİNOP,GERZE,380,4,"-0,106",3
SİNOP,TÜRKELİ,429,5,"-0,194",4
SİNOP,ERFELEK,702,6,"-0,585",5
SİNOP,DURAĞAN,775,7,"-0,687",5
SİNOP,SARAYDÜZÜ,814,8,"-0,751",5
SİNOP,DİKMEN,914,9,"-1,014",6
SİVAS,MERKEZ,110,1,"1,138",2
SİVAS,ŞARKIŞLA,417,2,"-0,178",4
SİVAS,DİVRİĞİ,445,3,"-0,218",4
SİVAS,SUŞEHRİ,480,4,"-0,280",4
SİVAS,ZARA,556,5,"-0,400",4
SİVAS,KANGAL,608,6,"-0,472",4
SİVAS,GÜRÜN,609,7,"-0,475",4
SİVAS,GEMEREK,615,8,"-0,478",4
SİVAS,AKINCILAR,640,9,"-0,511",5
SİVAS,İMRANLI,704,10,"-0,587",5
SİVAS,GÖLOVA,711,11,"-0,594",5
SİVAS,ULAŞ,712,12,"-0,595",5
SİVAS,DOĞANŞAR,737,13,"-0,625",5
SİVAS,ALTINYAYLA,762,14,"-0,664",5
SİVAS,HAFİK,807,15,"-0,742",5
SİVAS,KOYULHİSAR,813,16,"-0,748",5
SİVAS,YILDIZELİ,817,17,"-0,762",5
TEKİRDAĞ,ÇORLU,69,1,"1,577",2
TEKİRDAĞ,SÜLEYMANPAŞA,93,2,"1,314",2
TEKİRDAĞ,ÇERKEZKÖY,127,3,"1,034",2
TEKİRDAĞ,ERGENE,180,4,"0,687",2
TEKİRDAĞ,MARMARAEREĞLİSİ,262,5,"0,287",3
TEKİRDAĞ,MURATLI,278,6,"0,193",3
TEKİRDAĞ,KAPAKLI,290,7,"0,149",3
TEKİRDAĞ,SARAY,295,8,"0,125",3
TEKİRDAĞ,ŞARKÖY,303,9,"0,097",3
TEKİRDAĞ,MALKARA,314,10,"0,068",3
TEKİRDAĞ,HAYRABOLU,420,11,"-0,182",4
TOKAT,MERKEZ,132,1,"1,015",2
TOKAT,TURHAL,328,2,"0,037",3
TOKAT,ERBAA,375,3,"-0,097",3
TOKAT,NİKSAR,411,4,"-0,169",3
TOKAT,ZİLE,423,5,"-0,186",4
TOKAT,ARTOVA,699,6,"-0,583",5
TOKAT,ALMUS,738,7,"-0,626",5
TOKAT,PAZAR,747,8,"-0,633",5
TOKAT,REŞADİYE,757,9,"-0,657",5
TOKAT,YEŞİLYURT,797,10,"-0,729",5
TOKAT,SULUSARAY,884,11,"-0,911",6
TOKAT,BAŞÇİFTLİK,892,12,"-0,936",6
TRABZON,ORTAHİSAR,56,1,"1,807",1
TRABZON,YOMRA,224,2,"0,480",2
TRABZON,AKÇAABAT,236,3,"0,405",2
TRABZON,VAKFIKEBİR,265,4,"0,268",3
TRABZON,BEŞİKDÜZÜ,283,5,"0,170",3
TRABZON,SÜRMENE,322,6,"0,056",3
TRABZON,ÇAYKARA,345,7,"-0,023",3
TRABZON,OF,361,8,"-0,060",3
TRABZON,ARSİN,369,9,"-0,083",3
TRABZON,MAÇKA,400,10,"-0,150",3
TRABZON,ARAKLI,462,11,"-0,240",4
TRABZON,ÇARŞIBAŞI,517,12,"-0,340",4
TRABZON,DERNEKPAZARI,534,13,"-0,374",4
TRABZON,TONYA,605,14,"-0,469",4
TRABZON,KÖPRÜBAŞI,619,15,"-0,482",4
TRABZON,ŞALPAZARI,658,16,"-0,527",5
TRABZON,DÜZKÖY,730,17,"-0,616",5
TRABZON,HAYRAT,768,18,"-0,676",5
TUNCELİ,MERKEZ,117,1,"1,084",2
TUNCELİ,HOZAT,502,2,"-0,304",4
TUNCELİ,OVACIK,535,3,"-0,375",4
TUNCELİ,ÇEMİŞGEZEK,573,4,"-0,427",4
TUNCELİ,PERTEK,604,5,"-0,465",4
TUNCELİ,PÜLÜMÜR,628,6,"-0,492",4
TUNCELİ,MAZGİRT,698,7,"-0,580",5
TUNCELİ,NAZIMİYE,808,8,"-0,744",5
ŞANLIURFA,KARAKÖPRÜ,232,1,"0,446",2
ŞANLIURFA,HALİLİYE,304,2,"0,096",3
ŞANLIURFA,EYYÜBİYE,688,3,"-0,568",5
ŞANLIURFA,BİRECİK,759,4,"-0,660",5
ŞANLIURFA,SİVEREK,834,5,"-0,797",5
ŞANLIURFA,HALFETİ,835,6,"-0,798",5
ŞANLIURFA,VİRANŞEHİR,838,7,"-0,803",5
ŞANLIURFA,CEYLANPINAR,857,8,"-0,835",6
ŞANLIURFA,HİLVAN,860,9,"-0,840",6
ŞANLIURFA,SURUÇ,883,10,"-0,910",6
ŞANLIURFA,BOZOVA,896,11,"-0,947",6
ŞANLIURFA,AKÇAKALE,964,12,"-1,258",6
ŞANLIURFA,HARRAN,973,13,"-1,447",6
UŞAK,MERKEZ,101,1,"1,204",2
UŞAK,EŞME,414,2,"-0,172",3
UŞAK,ULUBEY,470,3,"-0,261",4
UŞAK,BANAZ,472,4,"-0,264",4
UŞAK,SİVASLI,582,5,"-0,434",4
UŞAK,KARAHALLI,723,6,"-0,609",5
VAN,PEKYOLU,238,1,"0,404",2
VAN,TUŞBA,426,2,"-0,190",4
VAN,EDREMİT,536,3,"-0,377",4
VAN,ERCİŞ,790,4,"-0,715",5
VAN,GEVAŞ,832,5,"-0,794",5
VAN,ÇATAK,927,6,"-1,064",6
VAN,MURADİYE,937,7,"-1,112",6
VAN,GÜRPINAR,939,8,"-1,116",6
VAN,BAŞKALE,943,9,"-1,130",6
VAN,ÖZALP,949,10,"-1,159",6
VAN,ÇALDIRAN,956,11,"-1,220",6
VAN,SARAY,958,12,"-1,237",6
VAN,BAHÇESARAY,960,13,"-1,244",6
YOZGAT,MERKEZ,163,1,"0,812",2
YOZGAT,YERKÖY,309,2,"0,079",3
YOZGAT,SORGUN,353,3,"-0,038",3
YOZGAT,BOĞAZLIYAN,434,4,"-0,197",4
YOZGAT,ÇANDIR,465,5,"-0,246",4
YOZGAT,YENİFAKILI,523,6,"-0,352",4
YOZGAT,ŞEFAATLİ,527,7,"-0,362",4
YOZGAT,AKDAĞMADENİ,552,8,"-0,393",4
YOZGAT,ÇAYIRALAN,555,9,"-0,398",4
YOZGAT,SARIKAYA,561,10,"-0,411",4
YOZGAT,SARAYKENT,703,11,"-0,587",5
YOZGAT,ÇEKEREK,731,12,"-0,619",5
YOZGAT,KADIŞEHRİ,866,13,"-0,847",6
YOZGAT,AYDINCIK,889,14,"-0,928",6
ZONGULDAK,MERKEZ,102,1,"1,189",2
ZONGULDAK,KOZLU,196,2,"0,622",2
ZONGULDAK,EREĞLİ,199,3,"0,612",2
ZONGULDAK,ÇAYCUMA,308,4,"0,080",3
ZONGULDAK,DEVREK,354,5,"-0,038",3
ZONGULDAK,GÖKÇEBEY,412,6,"-0,170",3
ZONGULDAK,ALAPLI,413,7,"-0,170",3
ZONGULDAK,KİLİMLİ,433,8,"-0,197",4
AKSARAY,MERKEZ,137,1,"0,960",2
AKSARAY,ORTAKÖY,444,2,"-0,212",4
AKSARAY,SARIYAHŞİ,626,3,"-0,491",4
AKSARAY,ESKİL,672,4,"-0,542",5
AKSARAY,AĞAÇÖREN,683,5,"-0,563",5
AKSARAY,SULTANHANI,764,6,"-0,667",5
AKSARAY,GÜLAĞAÇ,777,7,"-0,688",5
AKSARAY,GÜZELYURT,816,8,"-0,755",5
BAYBURT,MERKEZ,284,1,"0,161",3
BAYBURT,AYDINTEPE,714,2,"-0,598",5
BAYBURT,DEMİRÖZÜ,795,3,"-0,724",5
KARAMAN,MERKEZ,168,1,"0,761",2
KARAMAN,KAZIMKARABEKİR,334,2,"0,022",3
KARAMAN,ERMENEK,477,3,"-0,275",4
KARAMAN,BAŞYAYLA,661,4,"-0,528",5
KARAMAN,SARIVELİLER,745,5,"-0,631",5
KARAMAN,AYRANCI,773,6,"-0,683",5
KIRIKKALE,YAHŞİHAN,58,1,"1,778",1
KIRIKKALE,MERKEZ,172,2,"0,726",2
KIRIKKALE,BAHŞİLİ,342,3,"-0,005",3
KIRIKKALE,KARAKEÇİLİ,569,4,"-0,423",4
KIRIKKALE,KESKİN,617,5,"-0,480",4
KIRIKKALE,BALIŞEYH,656,6,"-0,527",5
KIRIKKALE,DELİCE,687,7,"-0,567",5
KIRIKKALE,ÇELEBİ,722,8,"-0,608",5
KIRIKKALE,SULAKYURT,843,9,"-0,809",5
BATMAN,MERKEZ,245,1,"0,367",3
BATMAN,HASANKEYF,781,2,"-0,697",5
BATMAN,BEŞİRİ,831,3,"-0,792",5
BATMAN,KOZLUK,878,4,"-0,885",6
BATMAN,GERCÜŞ,901,5,"-0,962",6
BATMAN,SASON,925,6,"-1,063",6
ŞIRNAK,MERKEZ,514,1,"-0,333",4
ŞIRNAK,CİZRE,610,2,"-0,475",4
ŞIRNAK,SİLOPİ,734,3,"-0,621",5
ŞIRNAK,BEYTÜŞŞEBAP,794,4,"-0,723",5
ŞIRNAK,ULUDERE,844,5,"-0,810",5
ŞIRNAK,İDİL,863,6,"-0,842",6
ŞIRNAK,GÜÇLÜKONAK,900,7,"-0,959",6
BARTIN,MERKEZ,226,1,"0,475",2
BARTIN,AMASRA,379,2,"-0,102",3
BARTIN,ULUS,693,3,"-0,576",5
BARTIN,KURUCAŞİLE,802,4,"-0,732",5
ARDAHAN,MERKEZ,305,1,"0,088",3
ARDAHAN,POSOF,629,2,"-0,492",4
ARDAHAN,ÇILDIR,822,3,"-0,773",5
ARDAHAN,DAMAL,847,4,"-0,814",5
ARDAHAN,GÖLE,853,5,"-0,831",6
ARDAHAN,HANAK,888,6,"-0,926",6
IĞDIR,MERKEZ,329,1,"0,033",3
IĞDIR,ARALIK,867,2,"-0,852",6
IĞDIR,TUZLUCA,898,3,"-0,953",6
IĞDIR,KARAKOYUNLU,911,4,"-1,008",6
YALOVA,MERKEZ,111,1,"1,137",2
YALOVA,ÇİFTLİKKÖY,158,2,"0,828",2
YALOVA,ALTINOVA,209,3,"0,556",2
YALOVA,TERMAL,286,4,"0,158",3
YALOVA,ÇINARCIK,292,5,"0,141",3
YALOVA,ARMUTLU,331,6,"0,029",3
KARABÜK,MERKEZ,136,1,"0,962",2
KARABÜK,SAFRANBOLU,188,2,"0,662",2
KARABÜK,ESKİPAZAR,540,3,"-0,383",4
KARABÜK,YENİCE,590,4,"-0,448",4
KARABÜK,EFLANİ,758,5,"-0,658",5
KARABÜK,OVACIK,824,6,"-0,776",5
KİLİS,MERKEZ,279,1,"0,193",3
KİLİS,ELBEYLİ,856,2,"-0,835",6
KİLİS,POLATELİ,948,3,"-1,155",6
KİLİS,MUSABEYLİ,959,4,"-1,243",6
OSMANİYE,MERKEZ,218,1,"0,515",2
OSMANİYE,KADİRLİ,287,2,"0,157",3
OSMANİYE,TOPRAKKALE,370,3,"-0,084",3
OSMANİYE,DÜZİÇİ,475,4,"-0,269",4
OSMANİYE,BAHÇE,499,5,"-0,302",4
OSMANİYE,HASANBEYLİ,697,6,"-0,580",5
OSMANİYE,SUMBAS,909,7,"-0,987",6
DÜZCE,MERKEZ,128,1,"1,032",2
DÜZCE,AKÇAKOCA,268,2,"0,257",3
DÜZCE,KAYNAŞLI,376,3,"-0,099",3
DÜZCE,GÜMÜŞOVA,393,4,"-0,134",3
DÜZCE,ÇİLİMLİ,432,5,"-0,196",4
DÜZCE,CUMAYERİ,459,6,"-0,237",4
DÜZCE,GÖLYAKA,607,7,"-0,472",4
DÜZCE,YIĞILCA,877,8,"-0,880",6
