il_kodu,il_adi,ilce_adi,sandik_sayisi,secmen_sayisi
1,ADANA,ALADAĞ,51,12.330
1,ADANA,CEYHAN,357,112.582
1,ADANA,ÇUKUROVA,790,287.869
1,ADANA,FEKE,60,12.788
1,ADANA,İMAMOĞLU,67,20.211
1,ADANA,KARAİSALI,84,17.312
1,ADANA,KARATAŞ,72,17.032
1,ADANA,KOZAN,314,97.411
1,ADANA,POZANTI,52,15.274
1,ADANA,SAİMBEYLİ,44,10.729
1,ADANA,SARIÇAM,424,147.569
1,ADANA,SEYHAN,1.565,562.326
1,ADANA,TUFANBEYLİ,59,12.827
1,ADANA,YUMURTALIK,50,13.769
1,ADANA,YÜREĞİR,784,273.305
2,ADIYAMAN,MERKEZ,608,186.863
2,ADIYAMAN,BESNİ,197,52.352
2,ADIYAMAN,ÇELİKHAN,53,10.320
2,ADIYAMAN,GERGER,63,10.685
2,ADIYAMAN,GÖLBAŞI,112,33.496
2,ADIYAMAN,KAHTA,313,83.579
2,ADIYAMAN,SAMSAT,24,4.291
2,ADIYAMAN,SİNCİK,53,10.973
2,ADIYAMAN,TUT,29,6.744
3,AFYONKARAHİSAR,MERKEZ,652,218.736
3,AFYONKARAHİSAR,BAŞMAKÇI,30,7.494
3,AFYONKARAHİSAR,BAYAT,24,5.701
3,AFYONKARAHİSAR,BOLVADİN,126,31.498
3,AFYONKARAHİSAR,ÇAY,80,23.230
3,AFYONKARAHİSAR,ÇOBANLAR,34,9.488
3,AFYONKARAHİSAR,DAZKIRI,35,8.786
3,AFYONKARAHİSAR,DİNAR,151,35.565
3,AFYONKARAHİSAR,EMİRDAĞ,142,32.693
3,AFYONKARAHİSAR,EVCİLER,20,5.594
3,AFYONKARAHİSAR,HOCALAR,28,6.979
3,AFYONKARAHİSAR,İHSANİYE,79,20.232
3,AFYONKARAHİSAR,İSCEHİSAR,56,17.568
3,AFYONKARAHİSAR,KIZILÖREN,8,1.847
3,AFYONKARAHİSAR,SANDIKLI,149,41.723
3,AFYONKARAHİSAR,SİNANPAŞA,121,29.626
3,AFYONKARAHİSAR,SULTANDAĞI,48,12.010
3,AFYONKARAHİSAR,ŞUHUT,97,27.393
4,AĞRI,MERKEZ,316,90.838
4,AĞRI,DİYADİN,105,22.975
4,AĞRI,DOĞUBAYAZIT,245,70.364
4,AĞRI,ELEŞKİRT,96,19.536
4,AĞRI,HAMUR,53,9.344
4,AĞRI,PATNOS,236,65.231
4,AĞRI,TAŞLIÇAY,54,11.465
4,AĞRI,TUTAK,99,16.931
5,AMASYA,MERKEZ,357,107.055
5,AMASYA,GÖYNÜCEK,48,7.950
5,AMASYA,GÜMÜŞHACIKÖY,83,18.246
5,AMASYA,HAMAMÖZÜ,22,2.979
5,AMASYA,MERZİFON,218,58.663
5,AMASYA,SULUOVA,134,36.530
5,AMASYA,TAŞOVA,108,25.221
6,ANKARA,AKYURT,99,30.348
6,ANKARA,ALTINDAĞ,800,294.263
6,ANKARA,AYAŞ,42,10.009
6,ANKARA,BALA,70,17.513
6,ANKARA,BEYPAZARI,152,37.430
6,ANKARA,ÇAMLIDERE,51,7.402
6,ANKARA,ÇANKAYA,1.971,717.034
6,ANKARA,ÇUBUK,247,69.444
6,ANKARA,ELMADAĞ,109,34.388
6,ANKARA,ETİMESGUT,1.244,462.889
6,ANKARA,EVREN,14,2.466
6,ANKARA,GÖLBAŞI,307,106.348
6,ANKARA,GÜDÜL,38,7.203
6,ANKARA,HAYMANA,107,21.158
6,ANKARA,KAHRAMANKAZAN,145,42.802
6,ANKARA,KALECİK,67,10.341
6,ANKARA,KEÇİÖREN,1.885,693.795
6,ANKARA,KIZILCAHAMAM,141,22.835
6,ANKARA,MAMAK,1.358,499.456
6,ANKARA,NALLIHAN,120,21.762
6,ANKARA,POLATLI,309,95.629
6,ANKARA,PURSAKLAR,318,115.128
6,ANKARA,SİNCAN,1.119,409.424
6,ANKARA,ŞEREFLİKOÇHİSAR,107,25.169
6,ANKARA,YENİMAHALLE,1.430,528.482
7,ANTALYA,AKSEKİ,59,9.129
7,ANTALYA,AKSU,163,55.724
7,ANTALYA,ALANYA,684,231.627
7,ANTALYA,DEMRE,63,21.283
7,ANTALYA,DÖŞEMEALTI,163,56.208
7,ANTALYA,ELMALI,113,30.875
7,ANTALYA,FİNİKE,122,38.139
7,ANTALYA,GAZİPAŞA,140,41.450
7,ANTALYA,GÜNDOĞMUŞ,32,6.235
7,ANTALYA,İBRADI,12,2.464
7,ANTALYA,KAŞ,161,47.411
7,ANTALYA,KEMER,93,32.867
7,ANTALYA,KEPEZ,1.196,436.485
7,ANTALYA,KONYAALTI,359,128.269
7,ANTALYA,KORKUTELİ,153,44.120
7,ANTALYA,KUMLUCA,168,55.563
7,ANTALYA,MANAVGAT,546,183.641
7,ANTALYA,MURATPAŞA,1.046,382.434
7,ANTALYA,SERİK,307,101.601
8,ARTVİN,ARDANUÇ,66,9.076
8,ARTVİN,ARHAVİ,70,16.901
8,ARTVİN,MERKEZ,107,25.213
8,ARTVİN,BORÇKA,67,17.375
8,ARTVİN,HOPA,73,21.320
8,ARTVİN,KEMALPAŞA,27,7.211
8,ARTVİN,MURGUL,21,4.657
8,ARTVİN,ŞAVŞAT,90,14.718
8,ARTVİN,YUSUFELİ,115,15.809
9,AYDIN,BOZDOĞAN,97,25.626
9,AYDIN,BUHARKENT,34,10.017
9,AYDIN,ÇİNE,154,39.758
9,AYDIN,DİDİM,212,76.177
9,AYDIN,EFELER,651,226.108
9,AYDIN,GERMENCİK,109,33.056
9,AYDIN,İNCİRLİOVA,122,40.884
9,AYDIN,KARACASU,60,14.356
9,AYDIN,KARPUZLU,35,8.788
9,AYDIN,KOÇARLI,77,17.999
9,AYDIN,KÖŞK,72,21.266
9,AYDIN,KUŞADASI,282,100.825
9,AYDIN,KUYUCAK,72,21.249
9,AYDIN,NAZİLLİ,367,121.927
9,AYDIN,SÖKE,281,93.541
9,AYDIN,SULTANHİSAR,53,15.486
9,AYDIN,YENİPAZAR,39,9.721
10,BALIKESİR,ALTIEYLÜL,431,140.061
10,BALIKESİR,AYVALIK,182,60.055
10,BALIKESİR,BALYA,56,10.957
10,BALIKESİR,BANDIRMA,357,122.936
10,BALIKESİR,BİGADİÇ,141,37.259
10,BALIKESİR,BURHANİYE,157,50.403
10,BALIKESİR,DURSUNBEY,159,27.600
10,BALIKESİR,EDREMİT,386,135.472
10,BALIKESİR,ERDEK,86,26.792
10,BALIKESİR,GÖMEÇ,42,13.613
10,BALIKESİR,GÖNEN,225,60.929
10,BALIKESİR,HAVRAN,72,21.344
10,BALIKESİR,İVRİNDİ,107,25.958
10,BALIKESİR,KARESİ,420,142.973
10,BALIKESİR,KEPSUT,88,16.481
10,BALIKESİR,MANYAS,68,15.159
10,BALIKESİR,MARMARA,31,8.777
10,BALIKESİR,SAVAŞTEPE,76,13.704
10,BALIKESİR,SINDIRGI,117,28.138
10,BALIKESİR,SUSURLUK,115,30.959
11,BİLECİK,MERKEZ,191,55.693
11,BİLECİK,BOZÜYÜK,212,60.356
11,BİLECİK,GÖLPAZARI,62,7.580
11,BİLECİK,İNHİSAR,14,1.930
11,BİLECİK,OSMANELİ,65,16.835
11,BİLECİK,PAZARYERİ,42,7.936
11,BİLECİK,SÖĞÜT,57,14.246
11,BİLECİK,YENİPAZAR,27,2.474
12,BİNGÖL,ADAKLI,29,6.036
12,BİNGÖL,MERKEZ,374,114.157
12,BİNGÖL,GENÇ,89,24.152
12,BİNGÖL,KARLIOVA,76,18.091
12,BİNGÖL,KİĞI,18,3.747
12,BİNGÖL,SOLHAN,82,23.312
12,BİNGÖL,YAYLADERE,27,1.776
12,BİNGÖL,YEDİSU,18,2.264
13,BİTLİS,ADİLCEVAZ,74,18.292
13,BİTLİS,AHLAT,95,25.899
13,BİTLİS,MERKEZ,184,44.602
13,BİTLİS,GÜROYMAK,101,28.952
13,BİTLİS,HİZAN,113,20.392
13,BİTLİS,MUTKİ,90,17.909
13,BİTLİS,TATVAN,207,64.613
14,BOLU,MERKEZ,496,153.770
14,BOLU,DÖRTDİVAN,34,5.639
14,BOLU,GEREDE,142,26.450
14,BOLU,GÖYNÜK,78,11.652
14,BOLU,KIBRISCIK,25,2.546
14,BOLU,MENGEN,76,11.420
14,BOLU,MUDURNU,92,14.965
14,BOLU,SEBEN,36,3.996
14,BOLU,YENİÇAĞA,28,5.541
15,BURDUR,AĞLASUN,25,6.197
15,BURDUR,ALTINYAYLA,15,4.284
15,BURDUR,BUCAK,176,50.444
15,BURDUR,MERKEZ,264,81.492
15,BURDUR,ÇAVDIR,35,10.110
15,BURDUR,ÇELTİKÇİ,15,4.226
15,BURDUR,GÖLHİSAR,57,17.477
15,BURDUR,KARAMANLI,26,6.588
15,BURDUR,KEMER,11,2.507
15,BURDUR,TEFENNİ,33,8.491
15,BURDUR,YEŞİLOVA,59,12.421
16,BURSA,BÜYÜKORHAN,49,7.833
16,BURSA,GEMLİK,265,92.468
16,BURSA,GÜRSU,194,69.483
16,BURSA,HARMANCIK,42,5.191
16,BURSA,İNEGÖL,622,209.075
16,BURSA,İZNİK,122,36.005
16,BURSA,KARACABEY,216,65.691
16,BURSA,KELES,47,9.708
16,BURSA,KESTEL,164,55.098
16,BURSA,MUDANYA,254,87.354
16,BURSA,MUSTAFAKEMALPAŞA,289,81.382
16,BURSA,NİLÜFER,1.051,384.235
16,BURSA,ORHANELİ,82,15.599
16,BURSA,ORHANGAZİ,193,63.161
16,BURSA,OSMANGAZİ,1.834,665.809
16,BURSA,YENİŞEHİR,150,42.727
16,BURSA,YILDIRIM,1.291,475.551
17,ÇANAKKALE,AYVACIK,129,28.254
17,ÇANAKKALE,BAYRAMİÇ,117,23.855
17,ÇANAKKALE,BİGA,268,72.806
17,ÇANAKKALE,BOZCAADA,8,2.691
17,ÇANAKKALE,ÇAN,151,38.255
17,ÇANAKKALE,MERKEZ,439,145.772
17,ÇANAKKALE,ECEABAT,28,7.387
17,ÇANAKKALE,EZİNE,100,25.223
17,ÇANAKKALE,GELİBOLU,111,34.834
17,ÇANAKKALE,GÖKÇEADA,28,7.764
17,ÇANAKKALE,LAPSEKİ,93,23.638
17,ÇANAKKALE,YENİCE,119,25.534
18,ÇANKIRI,ATKARACALAR,20,3.287
18,ÇANKIRI,BAYRAMÖREN,30,2.190
18,ÇANKIRI,MERKEZ,218,65.554
18,ÇANKIRI,ÇERKEŞ,78,12.774
18,ÇANKIRI,ELDİVAN,27,5.211
18,ÇANKIRI,ILGAZ,95,11.538
18,ÇANKIRI,KIZILIRMAK,33,5.866
18,ÇANKIRI,KORGUN,19,3.330
18,ÇANKIRI,KURŞUNLU,45,6.826
18,ÇANKIRI,ORTA,49,9.675
18,ÇANKIRI,ŞABANÖZÜ,41,9.074
18,ÇANKIRI,YAPRAKLI,46,6.535
19,ÇORUM,ALACA,146,23.193
19,ÇORUM,BAYAT,74,11.834
19,ÇORUM,BOĞAZKALE,20,3.043
19,ÇORUM,MERKEZ,756,218.094
19,ÇORUM,DODURGA,22,4.560
19,ÇORUM,İSKİLİP,121,24.157
19,ÇORUM,KARGI,79,13.519
19,ÇORUM,LAÇİN,19,3.494
19,ÇORUM,MECİTÖZÜ,68,11.845
19,ÇORUM,OĞUZLAR,16,4.167
19,ÇORUM,ORTAKÖY,26,5.183
19,ÇORUM,OSMANCIK,142,33.800
19,ÇORUM,SUNGURLU,180,36.643
19,ÇORUM,UĞURLUDAĞ,29,5.033
20,DENİZLİ,ACIPAYAM,149,44.082
20,DENİZLİ,BABADAĞ,19,5.019
20,DENİZLİ,BAKLAN,17,4.383
20,DENİZLİ,BEKİLLİ,22,5.518
20,DENİZLİ,BEYAĞAÇ,22,5.090
20,DENİZLİ,BOZKURT,35,8.569
20,DENİZLİ,BULDAN,80,21.173
20,DENİZLİ,ÇAL,64,14.841
20,DENİZLİ,ÇAMELİ,53,14.876
20,DENİZLİ,ÇARDAK,25,6.744
20,DENİZLİ,ÇİVRİL,167,46.338
20,DENİZLİ,GÜNEY,35,7.908
20,DENİZLİ,HONAZ,72,22.232
20,DENİZLİ,KALE,57,15.039
20,DENİZLİ,MERKEZEFENDİ,694,250.208
20,DENİZLİ,PAMUKKALE,710,253.514
20,DENİZLİ,SARAYKÖY,81,23.736
20,DENİZLİ,SERİNHİSAR,35,11.284
20,DENİZLİ,TAVAS,122,34.160
21,DİYARBAKIR,BAĞLAR,714,254.385
21,DİYARBAKIR,BİSMİL,274,74.110
21,DİYARBAKIR,ÇERMİK,133,31.759
21,DİYARBAKIR,ÇINAR,166,43.549
21,DİYARBAKIR,ÇÜNGÜŞ,46,7.483
21,DİYARBAKIR,DİCLE,90,23.603
21,DİYARBAKIR,EĞİL,53,14.232
21,DİYARBAKIR,ERGANİ,294,87.937
21,DİYARBAKIR,HANİ,67,20.133
21,DİYARBAKIR,HAZRO,42,10.033
21,DİYARBAKIR,KAYAPINAR,758,270.566
21,DİYARBAKIR,KOCAKÖY,38,9.861
21,DİYARBAKIR,KULP,94,23.021
21,DİYARBAKIR,LİCE,80,17.836
21,DİYARBAKIR,SİLVAN,192,54.318
21,DİYARBAKIR,SUR,221,59.860
21,DİYARBAKIR,YENİŞEHİR,411,141.847
22,EDİRNE,MERKEZ,395,138.323
22,EDİRNE,ENEZ,35,8.992
22,EDİRNE,HAVSA,54,15.367
22,EDİRNE,İPSALA,71,21.255
22,EDİRNE,KEŞAN,208,65.669
22,EDİRNE,LALAPAŞA,31,5.284
22,EDİRNE,MERİÇ,43,11.155
22,EDİRNE,SÜLOĞLU,19,5.030
22,EDİRNE,UZUNKÖPRÜ,164,48.708
23,ELAZIĞ,AĞIN,23,2.219
23,ELAZIĞ,ALACAKAYA,22,4.640
23,ELAZIĞ,ARICAK,38,9.517
23,ELAZIĞ,BASKİL,74,9.966
23,ELAZIĞ,MERKEZ,997,324.235
23,ELAZIĞ,KARAKOÇAN,125,21.184
23,ELAZIĞ,KEBAN,39,4.969
23,ELAZIĞ,KOVANCILAR,132,27.145
23,ELAZIĞ,MADEN,49,7.554
23,ELAZIĞ,PALU,71,13.354
23,ELAZIĞ,SİVRİCE,61,5.962
24,ERZİNCAN,ÇAYIRLI,55,6.279
24,ERZİNCAN,MERKEZ,386,114.965
24,ERZİNCAN,İLİÇ,68,6.826
24,ERZİNCAN,KEMAH,83,5.407
24,ERZİNCAN,KEMALİYE,71,3.697
24,ERZİNCAN,OTLUKBELİ,14,1.760
24,ERZİNCAN,REFAHİYE,130,8.970
24,ERZİNCAN,TERCAN,104,11.363
24,ERZİNCAN,ÜZÜMLÜ,57,10.371
25,ERZURUM,AŞKALE,96,15.225
25,ERZURUM,AZİZİYE,167,43.435
25,ERZURUM,ÇAT,57,10.798
25,ERZURUM,HINIS,113,16.312
25,ERZURUM,HORASAN,127,23.966
25,ERZURUM,İSPİR,120,11.856
25,ERZURUM,KARAÇOBAN,55,13.556
25,ERZURUM,KARAYAZI,101,16.450
25,ERZURUM,KÖPRÜKÖY,51,9.201
25,ERZURUM,NARMAN,58,8.865
25,ERZURUM,OLTU,120,22.497
25,ERZURUM,OLUR,47,5.397
25,ERZURUM,PALANDÖKEN,351,122.640
25,ERZURUM,PASİNLER,92,18.009
25,ERZURUM,PAZARYOLU,44,3.072
25,ERZURUM,ŞENKAYA,89,12.764
25,ERZURUM,TEKMAN,85,14.667
25,ERZURUM,TORTUM,78,12.293
25,ERZURUM,UZUNDERE,26,6.234
25,ERZURUM,YAKUTİYE,359,122.465
26,ESKİŞEHİR,ALPU,43,8.363
26,ESKİŞEHİR,BEYLİKOVA,29,4.882
26,ESKİŞEHİR,ÇİFTELER,48,11.442
26,ESKİŞEHİR,GÜNYÜZÜ,24,4.446
26,ESKİŞEHİR,HAN,16,1.837
26,ESKİŞEHİR,İNÖNÜ,22,5.230
26,ESKİŞEHİR,MAHMUDİYE,27,5.861
26,ESKİŞEHİR,MİHALGAZİ,10,2.586
26,ESKİŞEHİR,MİHALIÇÇIK,59,6.804
26,ESKİŞEHİR,ODUNPAZARI,902,315.454
26,ESKİŞEHİR,SARICAKAYA,15,3.894
26,ESKİŞEHİR,SEYİTGAZİ,65,10.739
26,ESKİŞEHİR,SİVRİHİSAR,94,16.220
26,ESKİŞEHİR,TEPEBAŞI,837,291.231
27,GAZİANTEP,ARABAN,88,21.986
27,GAZİANTEP,İSLAHİYE,157,44.038
27,GAZİANTEP,KARKAMIŞ,44,7.095
27,GAZİANTEP,NİZİP,318,94.947
27,GAZİANTEP,NURDAĞI,98,26.407
27,GAZİANTEP,OĞUZELİ,123,22.746
27,GAZİANTEP,ŞAHİNBEY,1.704,602.612
27,GAZİANTEP,ŞEHİTKAMİL,1.473,525.362
27,GAZİANTEP,YAVUZELİ,59,14.174
28,GİRESUN,ALUCRA,50,6.766
28,GİRESUN,BULANCAK,190,54.112
28,GİRESUN,ÇAMOLUK,37,5.046
28,GİRESUN,ÇANAKÇI,24,4.945
28,GİRESUN,DERELİ,62,15.499
28,GİRESUN,DOĞANKENT,20,5.036
28,GİRESUN,ESPİYE,96,27.389
28,GİRESUN,EYNESİL,38,10.471
28,GİRESUN,MERKEZ,326,106.550
28,GİRESUN,GÖRELE,118,25.308
28,GİRESUN,GÜCE,25,6.302
28,GİRESUN,KEŞAP,72,16.537
28,GİRESUN,PİRAZİZ,43,11.383
28,GİRESUN,ŞEBİNKARAHİSAR,91,15.436
28,GİRESUN,TİREBOLU,101,26.165
28,GİRESUN,YAĞLIDERE,49,12.331
29,GÜMÜŞHANE,MERKEZ,194,34.092
29,GÜMÜŞHANE,KELKİT,135,26.046
29,GÜMÜŞHANE,KÖSE,24,4.647
29,GÜMÜŞHANE,KÜRTÜN,58,9.271
29,GÜMÜŞHANE,ŞİRAN,93,14.016
29,GÜMÜŞHANE,TORUL,63,8.447
30,HAKKARİ,ÇUKURCA,36,11.337
30,HAKKARİ,DERECİK,45,14.882
30,HAKKARİ,MERKEZ,175,52.803
30,HAKKARİ,ŞEMDİNLİ,84,27.262
30,HAKKARİ,YÜKSEKOVA,250,79.950
31,HATAY,ALTINÖZÜ,126,38.349
31,HATAY,ANTAKYA,625,213.521
31,HATAY,ARSUZ,208,72.009
31,HATAY,BELEN,70,23.499
31,HATAY,DEFNE,310,109.414
31,HATAY,DÖRTYOL,253,88.633
31,HATAY,ERZİN,93,29.642
31,HATAY,HASSA,121,37.610
31,HATAY,İSKENDERUN,463,164.655
31,HATAY,KIRIKHAN,228,72.698
31,HATAY,KUMLU,34,9.278
31,HATAY,PAYAS,84,29.655
31,HATAY,REYHANLI,199,64.674
31,HATAY,SAMANDAĞ,249,84.206
31,HATAY,YAYLADAĞI,89,24.676
32,ISPARTA,AKSU,22,3.480
32,ISPARTA,ATABEY,19,4.667
32,ISPARTA,EĞİRDİR,91,23.668
32,ISPARTA,GELENDOST,43,11.842
32,ISPARTA,GÖNEN,22,5.633
32,ISPARTA,MERKEZ,540,190.212
32,ISPARTA,KEÇİBORLU,47,11.201
32,ISPARTA,SENİRKENT,33,8.555
32,ISPARTA,SÜTÇÜLER,43,8.220
32,ISPARTA,ŞARKİKARAAĞAÇ,74,19.558
32,ISPARTA,ULUBORLU,19,4.476
32,ISPARTA,YALVAÇ,123,34.727
32,ISPARTA,YENİŞARBADEMLİ,7,1.947
33,MERSİN,AKDENİZ,504,176.153
33,MERSİN,ANAMUR,179,52.830
33,MERSİN,AYDINCIK,32,8.903
33,MERSİN,BOZYAZI,69,20.949
33,MERSİN,ÇAMLIYAYLA,25,7.095
33,MERSİN,ERDEMLİ,345,111.674
33,MERSİN,GÜLNAR,98,20.515
33,MERSİN,MEZİTLİ,437,157.884
33,MERSİN,MUT,184,48.487
33,MERSİN,SİLİFKE,311,97.604
33,MERSİN,TARSUS,754,249.821
33,MERSİN,TOROSLAR,636,226.675
33,MERSİN,YENİŞEHİR,549,200.160
34,İSTANBUL,ADALAR,38,13.516
34,İSTANBUL,ARNAVUTKÖY,606,219.879
34,İSTANBUL,ATAŞEHİR,856,318.508
34,İSTANBUL,AVCILAR,815,302.475
34,İSTANBUL,BAĞCILAR,1.387,517.237
34,İSTANBUL,BAHÇELİEVLER,1.149,425.392
34,İSTANBUL,BAKIRKÖY,463,169.039
34,İSTANBUL,BAŞAKŞEHİR,857,317.962
34,İSTANBUL,BAYRAMPAŞA,542,200.830
34,İSTANBUL,BEŞİKTAŞ,370,134.682
34,İSTANBUL,BEYKOZ,517,187.442
34,İSTANBUL,BEYLİKDÜZÜ,730,270.526
34,İSTANBUL,BEYOĞLU,461,167.821
34,İSTANBUL,BÜYÜKÇEKMECE,536,197.387
34,İSTANBUL,ÇATALCA,179,60.887
34,İSTANBUL,ÇEKMEKÖY,574,211.874
34,İSTANBUL,ESENLER,847,315.073
34,İSTANBUL,ESENYURT,1.730,643.366
34,İSTANBUL,EYÜPSULTAN,843,308.926
34,İSTANBUL,FATİH,734,264.732
34,İSTANBUL,GAZİOSMANPAŞA,961,357.455
34,İSTANBUL,GÜNGÖREN,536,200.566
34,İSTANBUL,KADIKÖY,1.050,389.092
34,İSTANBUL,KAĞITHANE,909,334.013
34,İSTANBUL,KARTAL,996,368.489
34,İSTANBUL,KÜÇÜKÇEKMECE,1.543,572.709
34,İSTANBUL,MALTEPE,1.080,398.346
34,İSTANBUL,PENDİK,1.480,547.210
34,İSTANBUL,SANCAKTEPE,921,343.363
34,İSTANBUL,SARIYER,720,260.603
34,İSTANBUL,SİLİVRİ,408,146.149
34,İSTANBUL,SULTANBEYLİ,660,244.661
34,İSTANBUL,SULTANGAZİ,1.014,377.028
34,İSTANBUL,ŞİLE,121,34.430
34,İSTANBUL,ŞİŞLİ,556,203.098
34,İSTANBUL,TUZLA,563,207.751
34,İSTANBUL,ÜMRANİYE,1.444,534.060
34,İSTANBUL,ÜSKÜDAR,1.095,402.518
34,İSTANBUL,ZEYTİNBURNU,511,188.988
35,İZMİR,ALİAĞA,208,72.197
35,İZMİR,BALÇOVA,173,61.315
35,İZMİR,BAYINDIR,110,31.497
35,İZMİR,BAYRAKLI,638,233.097
35,İZMİR,BERGAMA,306,83.650
35,İZMİR,BEYDAĞ,40,9.875
35,İZMİR,BORNOVA,944,340.235
35,İZMİR,BUCA,1.073,393.513
35,İZMİR,ÇEŞME,117,39.449
35,İZMİR,ÇİĞLİ,453,165.743
35,İZMİR,DİKİLİ,124,40.403
35,İZMİR,FOÇA,80,27.728
35,İZMİR,GAZİEMİR,283,103.524
35,İZMİR,GÜZELBAHÇE,85,28.577
35,İZMİR,KARABAĞLAR,1.018,372.086
35,İZMİR,KARABURUN,37,10.610
35,İZMİR,KARŞIYAKA,766,280.303
35,İZMİR,KEMALPAŞA,260,86.898
35,İZMİR,KINIK,79,21.576
35,İZMİR,KİRAZ,115,33.925
35,İZMİR,KONAK,768,266.435
35,İZMİR,MENDERES,244,82.272
35,İZMİR,MENEMEN,422,147.231
35,İZMİR,NARLIDERE,139,50.010
35,İZMİR,ÖDEMİŞ,338,104.377
35,İZMİR,SEFERİHİSAR,129,44.719
35,İZMİR,SELÇUK,91,30.071
35,İZMİR,TİRE,225,69.165
35,İZMİR,TORBALI,439,152.729
35,İZMİR,URLA,173,59.214
36,KARS,AKYAKA,36,7.236
36,KARS,ARPAÇAY,57,11.206
36,KARS,DİGOR,56,13.087
36,KARS,KAĞIZMAN,115,29.354
36,KARS,MERKEZ,253,78.042
36,KARS,SARIKAMIŞ,101,24.860
36,KARS,SELİM,71,14.685
36,KARS,SUSUZ,33,6.618
37,KASTAMONU,ABANA,22,3.455
37,KASTAMONU,AĞLI,25,2.554
37,KASTAMONU,ARAÇ,137,14.930
37,KASTAMONU,AZDAVAY,57,6.137
37,KASTAMONU,BOZKURT,47,7.616
37,KASTAMONU,CİDE,109,18.600
37,KASTAMONU,ÇATALZEYTİN,48,5.776
37,KASTAMONU,DADAY,68,6.931
37,KASTAMONU,DEVREKANİ,71,10.126
37,KASTAMONU,DOĞANYURT,29,4.534
37,KASTAMONU,HANÖNÜ,26,3.550
37,KASTAMONU,İHSANGAZİ,35,4.346
37,KASTAMONU,İNEBOLU,106,15.988
37,KASTAMONU,MERKEZ,429,111.275
37,KASTAMONU,KÜRE,45,4.333
37,KASTAMONU,PINARBAŞI,36,5.161
37,KASTAMONU,SEYDİLER,28,3.576
37,KASTAMONU,ŞENPAZAR,31,3.638
37,KASTAMONU,TAŞKÖPRÜ,168,30.851
37,KASTAMONU,TOSYA,137,32.066
38,KAYSERİ,AKKIŞLA,22,4.811
38,KAYSERİ,BÜNYAN,75,19.492
38,KAYSERİ,DEVELİ,174,49.473
38,KAYSERİ,FELAHİYE,20,4.530
38,KAYSERİ,HACILAR,33,9.545
38,KAYSERİ,İNCESU,73,21.289
38,KAYSERİ,KOCASİNAN,826,290.446
38,KAYSERİ,MELİKGAZİ,1.147,415.186
38,KAYSERİ,ÖZVATAN,15,3.276
38,KAYSERİ,PINARBAŞI,139,16.981
38,KAYSERİ,SARIOĞLAN,47,10.587
38,KAYSERİ,SARIZ,49,7.981
38,KAYSERİ,TALAS,328,117.244
38,KAYSERİ,TOMARZA,78,16.354
38,KAYSERİ,YAHYALI,96,26.791
38,KAYSERİ,YEŞİLHİSAR,48,12.285
39,KIRKLARELİ,BABAESKİ,125,38.671
39,KIRKLARELİ,DEMİRKÖY,32,7.272
39,KIRKLARELİ,MERKEZ,241,80.058
39,KIRKLARELİ,KOFÇAZ,17,1.917
39,KIRKLARELİ,LÜLEBURGAZ,356,122.224
39,KIRKLARELİ,PEHLİVANKÖY,13,3.049
39,KIRKLARELİ,PINARHİSAR,51,14.475
39,KIRKLARELİ,VİZE,81,23.930
40,KIRŞEHİR,AKÇAKENT,23,3.088
40,KIRŞEHİR,AKPINAR,35,5.928
40,KIRŞEHİR,BOZTEPE,23,4.274
40,KIRŞEHİR,ÇİÇEKDAĞI,71,10.931
40,KIRŞEHİR,KAMAN,110,26.554
40,KIRŞEHİR,MERKEZ,343,109.020
40,KIRŞEHİR,MUCUR,78,14.144
41,KOCAELİ,BAŞİSKELE,236,82.786
41,KOCAELİ,ÇAYIROVA,289,107.077
41,KOCAELİ,DARICA,448,163.386
41,KOCAELİ,DERİNCE,310,110.604
41,KOCAELİ,DİLOVASI,102,36.043
41,KOCAELİ,GEBZE,810,294.561
41,KOCAELİ,GÖLCÜK,371,131.571
41,KOCAELİ,İZMİT,798,275.384
41,KOCAELİ,KANDIRA,164,38.453
41,KOCAELİ,KARAMÜRSEL,142,45.969
41,KOCAELİ,KARTEPE,285,100.219
41,KOCAELİ,KÖRFEZ,362,129.224
42,KONYA,AHIRLI,20,3.713
42,KONYA,AKÖREN,19,4.253
42,KONYA,AKŞEHİR,220,71.715
42,KONYA,ALTINEKİN,47,10.259
42,KONYA,BEYŞEHİR,196,57.730
42,KONYA,BOZKIR,87,19.078
42,KONYA,CİHANBEYLİ,131,37.648
42,KONYA,ÇELTİK,25,7.238
42,KONYA,ÇUMRA,158,48.545
42,KONYA,DERBENT,16,3.366
42,KONYA,DEREBUCAK,18,4.706
42,KONYA,DOĞANHİSAR,46,12.569
42,KONYA,EMİRGAZİ,25,5.659
42,KONYA,EREĞLİ,337,110.368
42,KONYA,GÜNEYSINIR,29,6.894
42,KONYA,HADİM,45,8.744
42,KONYA,HALKAPINAR,19,3.290
42,KONYA,HÜYÜK,43,12.561
42,KONYA,ILGIN,143,41.394
42,KONYA,KADINHANI,95,22.624
42,KONYA,KARAPINAR,114,36.050
42,KONYA,KARATAY,700,248.946
42,KONYA,KULU,127,37.279
42,KONYA,MERAM,677,240.788
42,KONYA,SARAYÖNÜ,69,20.777
42,KONYA,SELÇUKLU,1.300,476.024
42,KONYA,SEYDİŞEHİR,169,50.044
42,KONYA,TAŞKENT,19,4.431
42,KONYA,TUZLUKÇU,23,5.076
42,KONYA,YALIHÜYÜK,6,1.508
42,KONYA,YUNAK,69,15.980
43,KÜTAHYA,ALTINTAŞ,53,12.120
43,KÜTAHYA,ASLANAPA,40,6.880
43,KÜTAHYA,ÇAVDARHİSAR,31,5.062
43,KÜTAHYA,DOMANİÇ,52,11.901
43,KÜTAHYA,DUMLUPINAR,15,2.429
43,KÜTAHYA,EMET,69,14.933
43,KÜTAHYA,GEDİZ,145,38.189
43,KÜTAHYA,HİSARCIK,41,9.096
43,KÜTAHYA,MERKEZ,624,192.819
43,KÜTAHYA,PAZARLAR,19,4.012
43,KÜTAHYA,SİMAV,204,49.668
43,KÜTAHYA,ŞAPHANE,22,4.733
43,KÜTAHYA,TAVŞANLI,290,78.441
44,MALATYA,AKÇADAĞ,103,20.543
44,MALATYA,ARAPGİR,69,8.165
44,MALATYA,ARGUVAN,51,5.811
44,MALATYA,BATTALGAZİ,570,192.531
44,MALATYA,DARENDE,95,18.956
44,MALATYA,DOĞANŞEHİR,97,26.684
44,MALATYA,DOĞANYOL,20,3.040
44,MALATYA,HEKİMHAN,85,12.975
44,MALATYA,KALE,29,4.600
44,MALATYA,KULUNCAK,33,5.812
44,MALATYA,PÜTÜRGE,90,10.293
44,MALATYA,YAZIHAN,43,9.288
44,MALATYA,YEŞİLYURT,615,212.412
45,MANİSA,AHMETLİ,47,13.286
45,MANİSA,AKHİSAR,430,137.835
45,MANİSA,ALAŞEHİR,258,78.722
45,MANİSA,DEMİRCİ,134,28.933
45,MANİSA,GÖLMARMARA,43,11.683
45,MANİSA,GÖRDES,93,21.919
45,MANİSA,KIRKAĞAÇ,105,30.693
45,MANİSA,KÖPRÜBAŞI,61,10.581
45,MANİSA,KULA,136,34.756
45,MANİSA,SALİHLİ,396,127.890
45,MANİSA,SARIGÖL,91,28.227
45,MANİSA,SARUHANLI,143,44.177
45,MANİSA,SELENDİ,82,15.534
45,MANİSA,SOMA,278,83.443
45,MANİSA,ŞEHZADELER,355,121.494
45,MANİSA,TURGUTLU,373,129.403
45,MANİSA,YUNUSEMRE,548,187.783
46,KAHRAMANMARAŞ,AFŞİN,177,53.147
46,KAHRAMANMARAŞ,ANDIRIN,101,25.641
46,KAHRAMANMARAŞ,ÇAĞLAYANCERİT,54,16.395
46,KAHRAMANMARAŞ,DULKADİROĞLU,427,142.663
46,KAHRAMANMARAŞ,EKİNÖZÜ,31,7.492
46,KAHRAMANMARAŞ,ELBİSTAN,298,87.717
46,KAHRAMANMARAŞ,GÖKSUN,136,35.053
46,KAHRAMANMARAŞ,NURHAK,33,8.579
46,KAHRAMANMARAŞ,ONİKİŞUBAT,817,281.904
46,KAHRAMANMARAŞ,PAZARCIK,174,47.001
46,KAHRAMANMARAŞ,TÜRKOĞLU,157,47.946
47,MARDİN,ARTUKLU,377,118.418
47,MARDİN,DARGEÇİT,63,17.384
47,MARDİN,DERİK,140,37.156
47,MARDİN,KIZILTEPE,538,162.156
47,MARDİN,MAZIDAĞI,88,21.968
47,MARDİN,MİDYAT,256,76.850
47,MARDİN,NUSAYBİN,241,73.998
47,MARDİN,ÖMERLİ,43,9.173
47,MARDİN,SAVUR,67,16.148
47,MARDİN,YEŞİLLİ,31,8.511
48,MUĞLA,BODRUM,427,150.713
48,MUĞLA,DALAMAN,107,35.771
48,MUĞLA,DATÇA,62,21.028
48,MUĞLA,FETHİYE,371,129.565
48,MUĞLA,KAVAKLIDERE,30,8.499
48,MUĞLA,KÖYCEĞİZ,96,31.151
48,MUĞLA,MARMARİS,207,73.444
48,MUĞLA,MENTEŞE,269,88.596
48,MUĞLA,MİLAS,379,116.664
48,MUĞLA,ORTACA,126,42.604
48,MUĞLA,SEYDİKEMER,162,48.948
48,MUĞLA,ULA,74,22.176
48,MUĞLA,YATAĞAN,125,36.598
49,MUŞ,BULANIK,156,44.272
49,MUŞ,HASKÖY,52,15.401
49,MUŞ,KORKUT,56,14.108
49,MUŞ,MALAZGİRT,117,27.457
49,MUŞ,MERKEZ,396,120.826
49,MUŞ,VARTO,83,20.505
50,NEVŞEHİR,ACIGÖL,43,14.023
50,NEVŞEHİR,AVANOS,86,25.480
50,NEVŞEHİR,DERİNKUYU,51,15.208
50,NEVŞEHİR,GÜLŞEHİR,66,16.685
50,NEVŞEHİR,HACIBEKTAŞ,46,8.825
50,NEVŞEHİR,KOZAKLI,51,10.512
50,NEVŞEHİR,MERKEZ,309,106.100
50,NEVŞEHİR,ÜRGÜP,96,28.527
51,NİĞDE,ALTUNHİSAR,29,8.611
51,NİĞDE,BOR,152,45.418
51,NİĞDE,ÇAMARDI,39,9.252
51,NİĞDE,ÇİFTLİK,55,17.319
51,NİĞDE,MERKEZ,478,161.418
51,NİĞDE,ULUKIŞLA,67,16.084
52,ORDU,AKKUŞ,77,17.603
52,ORDU,ALTINORDU,511,175.035
52,ORDU,AYBASTI,58,15.933
52,ORDU,ÇAMAŞ,31,7.088
52,ORDU,ÇATALPINAR,40,10.109
52,ORDU,ÇAYBAŞI,40,9.276
52,ORDU,FATSA,304,96.173
52,ORDU,GÖLKÖY,82,21.443
52,ORDU,GÜLYALI,26,7.334
52,ORDU,GÜRGENTEPE,40,10.835
52,ORDU,İKİZCE,52,10.712
52,ORDU,KABADÜZ,25,6.029
52,ORDU,KABATAŞ,28,8.406
52,ORDU,KORGAN,72,20.858
52,ORDU,KUMRU,78,22.044
52,ORDU,MESUDİYE,78,11.089
52,ORDU,PERŞEMBE,110,25.555
52,ORDU,ULUBEY,67,15.123
52,ORDU,ÜNYE,373,99.929
53,RİZE,ARDEŞEN,123,32.329
53,RİZE,ÇAMLIHEMŞİN,40,5.979
53,RİZE,ÇAYELİ,139,33.633
53,RİZE,DEREPAZARI,24,5.562
53,RİZE,FINDIKLI,54,13.243
53,RİZE,GÜNEYSU,46,11.889
53,RİZE,HEMŞİN,13,2.163
53,RİZE,İKİZDERE,39,5.443
53,RİZE,İYİDERE,27,6.981
53,RİZE,KALKANDERE,42,9.757
53,RİZE,PAZAR,106,25.756
53,RİZE,MERKEZ,351,112.457
54,SAKARYA,ADAPAZARI,585,204.679
54,SAKARYA,AKYAZI,222,70.517
54,SAKARYA,ARİFİYE,107,34.994
54,SAKARYA,ERENLER,192,66.517
54,SAKARYA,FERİZLİ,66,20.571
54,SAKARYA,GEYVE,148,38.189
54,SAKARYA,HENDEK,224,65.464
54,SAKARYA,KARAPÜRÇEK,34,9.844
54,SAKARYA,KARASU,166,54.031
54,SAKARYA,KAYNARCA,75,18.888
54,SAKARYA,KOCAALİ,67,18.712
54,SAKARYA,PAMUKOVA,83,23.105
54,SAKARYA,SAPANCA,103,32.977
54,SAKARYA,SERDİVAN,300,108.280
54,SAKARYA,SÖĞÜTLÜ,44,11.817
54,SAKARYA,TARAKLI,28,5.338
55,SAMSUN,ALAÇAM,91,20.284
55,SAMSUN,ASARCIK,51,11.803
55,SAMSUN,ATAKUM,477,170.898
55,SAMSUN,AYVACIK,60,14.725
55,SAMSUN,BAFRA,372,111.271
55,SAMSUN,CANİK,224,73.136
55,SAMSUN,ÇARŞAMBA,350,106.137
55,SAMSUN,HAVZA,142,30.276
55,SAMSUN,İLKADIM,689,245.050
55,SAMSUN,KAVAK,110,18.273
55,SAMSUN,LADİK,81,13.306
55,SAMSUN,SALIPAZARI,62,15.619
55,SAMSUN,TEKKEKÖY,145,43.343
55,SAMSUN,TERME,196,57.367
55,SAMSUN,VEZİRKÖPRÜ,262,64.717
55,SAMSUN,YAKAKENT,28,7.132
56,SİİRT,BAYKAN,61,15.126
56,SİİRT,ERUH,73,11.004
56,SİİRT,KURTALAN,140,37.495
56,SİİRT,PERVARİ,67,16.655
56,SİİRT,MERKEZ,319,106.632
56,SİİRT,ŞİRVAN,73,12.249
56,SİİRT,TİLLO,12,2.692
57,SİNOP,AYANCIK,104,19.656
57,SİNOP,BOYABAT,171,33.933
57,SİNOP,DİKMEN,34,4.167
57,SİNOP,DURAĞAN,92,12.976
57,SİNOP,ERFELEK,56,10.563
57,SİNOP,GERZE,90,23.102
57,SİNOP,SARAYDÜZÜ,33,4.955
57,SİNOP,MERKEZ,160,49.884
57,SİNOP,TÜRKELİ,52,12.510
58,SİVAS,AKINCILAR,39,4.124
58,SİVAS,ALTINYAYLA,27,6.424
58,SİVAS,DİVRİĞİ,142,13.283
58,SİVAS,DOĞANŞAR,32,2.303
58,SİVAS,GEMEREK,79,17.055
58,SİVAS,GÖLOVA,33,2.736
58,SİVAS,GÜRÜN,96,13.851
58,SİVAS,HAFİK,86,7.164
58,SİVAS,İMRANLI,106,5.946
58,SİVAS,KANGAL,136,15.782
58,SİVAS,KOYULHİSAR,68,10.232
58,SİVAS,MERKEZ,859,269.175
58,SİVAS,SUŞEHRİ,108,19.399
58,SİVAS,ŞARKIŞLA,159,27.800
58,SİVAS,ULAŞ,47,6.370
58,SİVAS,YILDIZELİ,152,21.648
58,SİVAS,ZARA,162,17.221
59,TEKİRDAĞ,ÇERKEZKÖY,391,144.266
59,TEKİRDAĞ,ÇORLU,593,218.432
59,TEKİRDAĞ,ERGENE,143,50.856
59,TEKİRDAĞ,HAYRABOLU,97,24.645
59,TEKİRDAĞ,KAPAKLI,270,98.617
59,TEKİRDAĞ,MALKARA,154,41.750
59,TEKİRDAĞ,MARMARAEREĞLİSİ,67,23.934
59,TEKİRDAĞ,MURATLI,74,23.743
59,TEKİRDAĞ,SARAY,121,40.138
59,TEKİRDAĞ,SÜLEYMANPAŞA,485,162.958
59,TEKİRDAĞ,ŞARKÖY,92,28.231
60,TOKAT,ALMUS,77,15.514
60,TOKAT,ARTOVA,36,5.822
60,TOKAT,BAŞÇİFTLİK,18,3.563
60,TOKAT,ERBAA,267,74.891
60,TOKAT,NİKSAR,200,47.156
60,TOKAT,PAZAR,40,10.056
60,TOKAT,REŞADİYE,132,22.599
60,TOKAT,SULUSARAY,25,4.791
60,TOKAT,MERKEZ,473,145.898
60,TOKAT,TURHAL,209,60.802
60,TOKAT,YEŞİLYURT,31,6.150
60,TOKAT,ZİLE,201,42.421
61,TRABZON,AKÇAABAT,351,96.125
61,TRABZON,ARAKLI,141,36.039
61,TRABZON,ARSİN,85,23.350
61,TRABZON,BEŞİKDÜZÜ,62,17.502
61,TRABZON,ÇARŞIBAŞI,46,12.340
61,TRABZON,ÇAYKARA,59,11.036
61,TRABZON,DERNEKPAZARI,16,3.228
61,TRABZON,DÜZKÖY,38,10.636
61,TRABZON,HAYRAT,40,6.589
61,TRABZON,KÖPRÜBAŞI,21,3.747
61,TRABZON,MAÇKA,101,20.511
61,TRABZON,OF,132,34.151
61,TRABZON,ORTAHİSAR,699,241.923
61,TRABZON,SÜRMENE,91,20.217
61,TRABZON,ŞALPAZARI,39,8.923
61,TRABZON,TONYA,41,11.297
61,TRABZON,VAKFIKEBİR,82,21.462
61,TRABZON,YOMRA,112,32.890
62,TUNCELİ,ÇEMİŞGEZEK,34,5.801
62,TUNCELİ,HOZAT,21,4.360
62,TUNCELİ,MAZGİRT,46,6.355
62,TUNCELİ,NAZIMİYE,21,2.669
62,TUNCELİ,OVACIK,41,5.591
62,TUNCELİ,PERTEK,48,8.755
62,TUNCELİ,PÜLÜMÜR,20,3.085
62,TUNCELİ,MERKEZ,105,28.955
63,ŞANLIURFA,AKÇAKALE,219,58.148
63,ŞANLIURFA,BİRECİK,199,56.776
63,ŞANLIURFA,BOZOVA,138,33.079
63,ŞANLIURFA,CEYLANPINAR,166,51.482
63,ŞANLIURFA,EYYÜBİYE,622,203.950
63,ŞANLIURFA,HALFETİ,99,26.737
63,ŞANLIURFA,HALİLİYE,705,227.406
63,ŞANLIURFA,HARRAN,181,43.635
63,ŞANLIURFA,HİLVAN,119,26.452
63,ŞANLIURFA,KARAKÖPRÜ,502,165.309
63,ŞANLIURFA,SİVEREK,512,152.672
63,ŞANLIURFA,SURUÇ,219,59.936
63,ŞANLIURFA,VİRANŞEHİR,401,114.277
64,UŞAK,BANAZ,104,27.949
64,UŞAK,EŞME,115,27.794
64,UŞAK,KARAHALLI,30,8.169
64,UŞAK,SİVASLI,54,15.532
64,UŞAK,ULUBEY,47,10.185
64,UŞAK,MERKEZ,577,190.823
65,VAN,BAHÇESARAY,36,8.063
65,VAN,BAŞKALE,109,27.346
65,VAN,ÇALDIRAN,130,33.277
65,VAN,ÇATAK,54,11.957
65,VAN,EDREMİT,239,82.452
65,VAN,ERCİŞ,341,104.040
65,VAN,GEVAŞ,67,18.200
65,VAN,GÜRPINAR,103,20.775
65,VAN,İPEKYOLU,643,229.342
65,VAN,MURADİYE,103,27.480
65,VAN,ÖZALP,129,35.797
65,VAN,SARAY,43,11.790
65,VAN,TUŞBA,297,96.092
66,YOZGAT,AKDAĞMADENİ,135,28.593
66,YOZGAT,AYDINCIK,38,7.657
66,YOZGAT,BOĞAZLIYAN,96,25.378
66,YOZGAT,ÇANDIR,15,3.458
66,YOZGAT,ÇAYIRALAN,42,9.297
66,YOZGAT,ÇEKEREK,70,14.152
66,YOZGAT,KADIŞEHRİ,39,7.474
66,YOZGAT,SARAYKENT,35,7.911
66,YOZGAT,SARIKAYA,108,23.928
66,YOZGAT,SORGUN,229,57.904
66,YOZGAT,ŞEFAATLİ,69,11.254
66,YOZGAT,YENİFAKILI,20,4.352
66,YOZGAT,YERKÖY,123,26.532
66,YOZGAT,MERKEZ,276,72.061
67,ZONGULDAK,ALAPLI,120,33.086
67,ZONGULDAK,ÇAYCUMA,264,74.393
67,ZONGULDAK,DEVREK,171,46.102
67,ZONGULDAK,EREĞLİ,431,134.726
67,ZONGULDAK,GÖKÇEBEY,62,17.193
67,ZONGULDAK,KİLİMLİ,86,26.211
67,ZONGULDAK,KOZLU,117,36.385
67,ZONGULDAK,MERKEZ,285,89.555
68,AKSARAY,AĞAÇÖREN,38,6.076
68,AKSARAY,MERKEZ,657,214.657
68,AKSARAY,ESKİL,73,19.056
68,AKSARAY,GÜLAĞAÇ,46,13.606
68,AKSARAY,GÜZELYURT,31,7.872
68,AKSARAY,ORTAKÖY,83,23.211
68,AKSARAY,SARIYAHŞİ,17,3.714
68,AKSARAY,SULTANHANI,25,8.087
69,BAYBURT,AYDINTEPE,30,4.877
69,BAYBURT,MERKEZ,221,46.433
69,BAYBURT,DEMİRÖZÜ,39,5.824
70,KARAMAN,AYRANCI,33,6.236
70,KARAMAN,BAŞYAYLA,12,2.636
70,KARAMAN,ERMENEK,91,21.211
70,KARAMAN,MERKEZ,476,145.703
70,KARAMAN,KAZIMKARABEKİR,15,3.239
70,KARAMAN,SARIVELİLER,39,8.875
71,KIRIKKALE,BAHŞILI,20,5.655
71,KIRIKKALE,BALIŞEYH,34,4.891
71,KIRIKKALE,ÇELEBİ,17,2.037
71,KIRIKKALE,DELİCE,57,7.317
71,KIRIKKALE,KARAKEÇİLİ,11,2.357
71,KIRIKKALE,KESKİN,75,11.363
71,KIRIKKALE,MERKEZ,407,144.316
71,KIRIKKALE,SULAKYURT,34,5.232
71,KIRIKKALE,YAHŞİHAN,62,19.839
72,BATMAN,MERKEZ,856,305.965
72,BATMAN,BEŞİRİ,87,18.789
72,BATMAN,GERCÜŞ,75,13.291
72,BATMAN,HASANKEYF,28,5.142
72,BATMAN,KOZLUK,155,37.483
72,BATMAN,SASON,98,18.890
73,ŞIRNAK,BEYTÜŞŞEBAP,49,11.337
73,ŞIRNAK,CİZRE,268,91.528
73,ŞIRNAK,GÜÇLÜKONAK,31,6.895
73,ŞIRNAK,İDİL,158,43.551
73,ŞIRNAK,SİLOPİ,249,83.278
73,ŞIRNAK,MERKEZ,184,60.510
73,ŞIRNAK,ULUDERE,85,27.080
74,BARTIN,AMASRA,47,11.577
74,BARTIN,MERKEZ,394,120.665
74,BARTIN,KURUCAŞİLE,34,5.409
74,BARTIN,ULUS,100,18.392
75,ARDAHAN,MERKEZ,115,28.785
75,ARDAHAN,ÇILDIR,43,6.717
75,ARDAHAN,DAMAL,18,3.840
75,ARDAHAN,GÖLE,72,17.241
75,ARDAHAN,HANAK,37,6.397
75,ARDAHAN,POSOF,53,5.081
76,IĞDIR,ARALIK,50,14.074
76,IĞDIR,MERKEZ,284,95.030
76,IĞDIR,KARAKOYUNLU,32,8.965
76,IĞDIR,TUZLUCA,107,15.743
77,YALOVA,ALTINOVA,72,22.515
77,YALOVA,ARMUTLU,27,8.740
77,YALOVA,ÇINARCIK,84,28.110
77,YALOVA,ÇİFTLİKKÖY,103,36.279
77,YALOVA,TERMAL,13,4.532
77,YALOVA,MERKEZ,289,104.640
78,KARABÜK,EFLANİ,62,7.278
78,KARABÜK,ESKİPAZAR,65,10.403
78,KARABÜK,MERKEZ,288,93.751
78,KARABÜK,OVACIK,44,3.347
78,KARABÜK,SAFRANBOLU,194,50.614
78,KARABÜK,YENİCE,73,16.521
79,KİLİS,ELBEYLİ,31,4.643
79,KİLİS,MERKEZ,286,80.653
79,KİLİS,MUSABEYLİ,54,8.345
79,KİLİS,POLATELİ,22,3.315
80,OSMANİYE,BAHÇE,57,16.377
80,OSMANİYE,DÜZİÇİ,195,59.683
80,OSMANİYE,HASANBEYLİ,15,3.871
80,OSMANİYE,KADİRLİ,290,94.684
80,OSMANİYE,MERKEZ,540,189.065
80,OSMANİYE,SUMBAS,36,10.504
80,OSMANİYE,TOPRAKKALE,37,11.951
81,DÜZCE,AKÇAKOCA,113,31.683
81,DÜZCE,CUMAYERİ,45,11.689
81,DÜZCE,ÇİLİMLİ,49,13.337
81,DÜZCE,MERKEZ,554,181.196
81,DÜZCE,GÖLYAKA,60,16.180
81,DÜZCE,GÜMÜŞOVA,46,13.076
81,DÜZCE,KAYNAŞLI,59,15.850
81,DÜZCE,YIĞILCA,58,11.380